CREATE DATABASE  IF NOT EXISTS `pizzaapp` /*!40100 DEFAULT CHARACTER SET utf8 */;
USE `pizzaapp`;
-- MySQL dump 10.13  Distrib 8.0.31, for Win64 (x86_64)
--
-- Host: localhost    Database: pizzaapp
-- ------------------------------------------------------
-- Server version	5.7.36

/*!40101 SET @OLD_CHARACTER_SET_CLIENT=@@CHARACTER_SET_CLIENT */;
/*!40101 SET @OLD_CHARACTER_SET_RESULTS=@@CHARACTER_SET_RESULTS */;
/*!40101 SET @OLD_COLLATION_CONNECTION=@@COLLATION_CONNECTION */;
/*!50503 SET NAMES utf8 */;
/*!40103 SET @OLD_TIME_ZONE=@@TIME_ZONE */;
/*!40103 SET TIME_ZONE='+00:00' */;
/*!40014 SET @OLD_UNIQUE_CHECKS=@@UNIQUE_CHECKS, UNIQUE_CHECKS=0 */;
/*!40014 SET @OLD_FOREIGN_KEY_CHECKS=@@FOREIGN_KEY_CHECKS, FOREIGN_KEY_CHECKS=0 */;
/*!40101 SET @OLD_SQL_MODE=@@SQL_MODE, SQL_MODE='NO_AUTO_VALUE_ON_ZERO' */;
/*!40111 SET @OLD_SQL_NOTES=@@SQL_NOTES, SQL_NOTES=0 */;

--
-- Table structure for table `cargos`
--

DROP TABLE IF EXISTS `cargos`;
/*!40101 SET @saved_cs_client     = @@character_set_client */;
/*!50503 SET character_set_client = utf8mb4 */;
CREATE TABLE `cargos` (
  `id_cargo` int(10) unsigned NOT NULL AUTO_INCREMENT,
  `cargo` varchar(191) COLLATE utf8mb4_unicode_ci NOT NULL,
  `created_at` timestamp NULL DEFAULT NULL,
  `updated_at` timestamp NULL DEFAULT NULL,
  `deleted_at` timestamp NULL DEFAULT NULL,
  PRIMARY KEY (`id_cargo`)
) ENGINE=MyISAM AUTO_INCREMENT=2 DEFAULT CHARSET=utf8mb4 COLLATE=utf8mb4_unicode_ci;
/*!40101 SET character_set_client = @saved_cs_client */;

--
-- Dumping data for table `cargos`
--

LOCK TABLES `cargos` WRITE;
/*!40000 ALTER TABLE `cargos` DISABLE KEYS */;
INSERT INTO `cargos` VALUES (1,'Não informado','2023-06-20 19:24:00','2023-06-20 19:24:00',NULL);
/*!40000 ALTER TABLE `cargos` ENABLE KEYS */;
UNLOCK TABLES;

--
-- Table structure for table `clientes`
--

DROP TABLE IF EXISTS `clientes`;
/*!40101 SET @saved_cs_client     = @@character_set_client */;
/*!50503 SET character_set_client = utf8mb4 */;
CREATE TABLE `clientes` (
  `id_cliente` int(10) unsigned NOT NULL AUTO_INCREMENT,
  `nome` varchar(100) COLLATE utf8mb4_unicode_ci NOT NULL,
  `ddd` char(3) COLLATE utf8mb4_unicode_ci NOT NULL DEFAULT '11',
  `celular` varchar(191) COLLATE utf8mb4_unicode_ci NOT NULL,
  `email` varchar(191) COLLATE utf8mb4_unicode_ci DEFAULT NULL,
  `observacoes` text COLLATE utf8mb4_unicode_ci,
  `created_at` timestamp NULL DEFAULT NULL,
  `updated_at` timestamp NULL DEFAULT NULL,
  `deleted_at` timestamp NULL DEFAULT NULL,
  PRIMARY KEY (`id_cliente`)
) ENGINE=MyISAM AUTO_INCREMENT=51 DEFAULT CHARSET=utf8mb4 COLLATE=utf8mb4_unicode_ci;
/*!40101 SET character_set_client = @saved_cs_client */;

--
-- Dumping data for table `clientes`
--

LOCK TABLES `clientes` WRITE;
/*!40000 ALTER TABLE `clientes` DISABLE KEYS */;
INSERT INTO `clientes` VALUES (1,'Lois','11','424.806.1879','dillon.lockman@lockman.com','Minus eum adipisci voluptatem veniam enim. Unde tenetur illum et optio. Odio occaecati ipsum asperiores itaque velit rem id. Nulla quaerat voluptatem consequuntur distinctio rem recusandae natus exercitationem.','2023-06-27 18:00:03','2023-06-27 18:00:03',NULL),(2,'Larissa','11','+19418830278','mertz.hilton@wehner.info','Pariatur in sunt ab aspernatur officiis. Atque ut voluptatum et quia.','2023-06-27 18:00:03','2023-06-27 18:00:03',NULL),(3,'Domenic','11','1-878-778-2035','tillman.ray@gmail.com','Et dolorem maiores iusto adipisci. Eius et sunt magni error labore maxime. Et laudantium odio aperiam doloremque saepe. Veritatis reprehenderit ut consequatur quia qui qui blanditiis.','2023-06-27 18:00:03','2023-06-27 18:00:03',NULL),(4,'Darron','11','+1.832.258.6877','jackson05@rogahn.com','Nulla quos dolor sit consequatur labore ut. Ut numquam quam repellat. Sed asperiores dolorem numquam aut et assumenda labore. Non aspernatur voluptatibus et. Ea quo tenetur magnam voluptatibus consectetur deleniti.','2023-06-27 18:00:03','2023-06-27 18:00:03',NULL),(5,'Ludwig','11','+1.562.802.1220','tia72@yahoo.com','Nihil at ut non sit. Voluptate omnis voluptatibus voluptatem dolor nesciunt est cupiditate. Harum ratione tenetur et eos in et. Et dolorum mollitia qui molestiae hic.','2023-06-27 18:00:03','2023-06-27 18:00:03',NULL),(6,'Lilliana','11','443-903-1440','mnitzsche@nolan.com','Saepe asperiores at quis consequatur omnis itaque culpa. Autem amet doloremque atque magni. Qui sit illo voluptas delectus sit. Hic nisi est natus recusandae ratione necessitatibus.','2023-06-27 18:00:03','2023-06-27 18:00:03',NULL),(7,'Matilda','11','1-563-893-7316','conn.donald@kunze.com','Quia molestiae esse distinctio porro sapiente accusantium cupiditate. Hic molestiae nulla quaerat nostrum officiis. Vel animi qui corporis unde saepe sit.','2023-06-27 18:00:03','2023-06-27 18:00:03',NULL),(8,'Randi','11','830.769.1240','idouglas@yahoo.com','Veniam iste earum sequi aut sed laboriosam. Sapiente sit qui minus veritatis enim. Esse nulla blanditiis non omnis qui cupiditate rem in. Cupiditate vel quia repellat animi optio error.','2023-06-27 18:00:03','2023-06-27 18:00:03',NULL),(9,'Stephan','11','+16614701149','tziemann@yahoo.com','Magnam corrupti dolores consequuntur quam voluptas laboriosam reprehenderit. Mollitia ad odit labore iusto. Voluptate perspiciatis ipsa dolor reiciendis ex autem. At quia aut sapiente molestiae.','2023-06-27 18:00:03','2023-06-27 18:00:03',NULL),(10,'Karli','11','+15206709443','kyra89@yahoo.com','Neque quia omnis iusto nemo quia sunt. Voluptas ex deserunt beatae aut impedit id est. Eveniet aspernatur blanditiis non et voluptatum et porro.','2023-06-27 18:00:03','2023-06-27 18:00:03',NULL),(11,'Dolores','11','323-732-5068','russel.clementina@brown.com','Velit aperiam corrupti et itaque odio. Illum illo a et unde.','2023-06-27 18:00:03','2023-06-27 18:00:03',NULL),(12,'Nellie','11','1-757-503-0754','kerluke.harrison@cartwright.com','Est eaque perspiciatis et suscipit exercitationem ut et. Facilis quia quas iure doloribus incidunt consequatur qui. Reprehenderit nobis quis ut nobis ut odio occaecati. Quo libero quos et aut et commodi porro.','2023-06-27 18:00:03','2023-06-27 18:00:03',NULL),(13,'Sonia','11','+1 (540) 636-3172','oerdman@hotmail.com','Et nihil ut recusandae facilis ipsam similique quia. Rerum ipsa voluptatem numquam occaecati. Consequatur est est nulla quia rerum. Aut at culpa corrupti et et qui beatae.','2023-06-27 18:00:03','2023-06-27 18:00:03',NULL),(14,'Madison','11','478-946-8825','bzulauf@gmail.com','Sit placeat officiis non. In est in nobis repudiandae voluptas ad. Qui nisi nisi ullam. Cum nesciunt explicabo neque et voluptatum sunt et.','2023-06-27 18:00:03','2023-06-27 18:00:03',NULL),(15,'Julio','11','+1.859.617.1513','ocollier@yahoo.com','Sequi nesciunt illum molestiae error dolores nostrum. Repellat nulla aliquam illo fugiat voluptas ex repudiandae aliquam. Soluta eveniet consectetur velit dolores neque.','2023-06-27 18:00:03','2023-06-27 18:00:03',NULL),(16,'Murl','11','405.482.1157','klocko.melvina@brakus.info','Magni consequatur esse et quidem non similique. Et dolorum itaque eos reprehenderit rem atque nulla laudantium. Eum magni quod voluptatem assumenda tempore maiores. Aut natus assumenda sit nihil nam molestias aut accusamus. Quisquam sint non non aut fuga laboriosam veniam.','2023-06-27 18:00:03','2023-06-27 18:00:03',NULL),(17,'Tyson','11','(458) 809-1721','broderick.hill@baumbach.biz','Laboriosam vel omnis vel qui. Modi cupiditate error debitis sint sit. Minus perferendis deleniti saepe voluptatem nesciunt nesciunt quae. Quibusdam sequi veritatis quis sit voluptatem.','2023-06-27 18:00:03','2023-06-27 18:00:03',NULL),(18,'Jalyn','11','1-564-237-6989','pmiller@ohara.com','Mollitia repellat et optio. Provident expedita accusamus aut mollitia ut quos id. Animi tempora saepe et rerum debitis. Minus aspernatur debitis beatae reiciendis aspernatur tempore.','2023-06-27 18:00:03','2023-06-27 18:00:03',NULL),(19,'Mya','11','1-757-900-8981','emmett.haley@hotmail.com','Incidunt et sed qui eum pariatur. Est consequatur corrupti voluptates accusamus eveniet quia. Voluptas quasi enim fugit odit illum. Voluptatem culpa corporis voluptas et perspiciatis molestiae ut.','2023-06-27 18:00:03','2023-06-27 18:00:03',NULL),(20,'Dee','11','(301) 287-0238','jessica.glover@yahoo.com','Aliquid cumque ut qui fuga dolores. Est vel voluptatem vitae sapiente hic omnis. Soluta et magnam dolores ut officiis ullam. Aperiam inventore ut perspiciatis ut ut.','2023-06-27 18:00:03','2023-06-27 18:00:03',NULL),(21,'Emmett','11','1-719-293-6145','demetris19@schowalter.biz','Omnis est est quo laboriosam. Ad omnis harum dolore sit. Blanditiis minima et maiores perferendis quia qui. Aut rem sed perspiciatis magnam illum sit molestiae est.','2023-06-27 18:00:03','2023-06-27 18:00:03',NULL),(22,'Lucy','11','872.396.7108','egoyette@yahoo.com','Voluptas qui aut qui architecto praesentium. Iusto qui ad maxime saepe a. Quasi dolore autem expedita ullam aut. Iure ut ducimus aspernatur facere occaecati voluptates quasi. Asperiores consequuntur dolore ea.','2023-06-27 18:00:03','2023-06-27 18:00:03',NULL),(23,'Brain','11','+1.878.529.9907','kuhic.rozella@boehm.com','Magni sequi dignissimos quia impedit quam labore. Et necessitatibus sit alias necessitatibus ut sunt quasi. Voluptate incidunt velit dolor adipisci et. Praesentium vel ipsam quo at.','2023-06-27 18:00:03','2023-06-27 18:00:03',NULL),(24,'Millie','11','520-313-8606','bernhard.florian@armstrong.com','Adipisci voluptate nulla consectetur voluptas. Quasi labore adipisci cupiditate qui expedita. Sit nobis non nulla et dolore voluptatum est.','2023-06-27 18:00:03','2023-06-27 18:00:03',NULL),(25,'Maiya','11','(651) 987-1042','ydare@hotmail.com','Deleniti explicabo nihil et sit. Ea fugiat quia ut assumenda eligendi id consequatur. Inventore asperiores aut est vero odit incidunt rerum. In repudiandae occaecati nostrum qui temporibus veritatis.','2023-06-27 18:00:03','2023-06-27 18:00:03',NULL),(26,'Katelin','11','+1-947-466-4534','aditya07@maggio.com','Exercitationem est ut sequi aut omnis. Repellendus aut placeat quo accusamus ut quos. Sint voluptas dolor nostrum animi voluptate. Rerum dolor velit doloremque earum quisquam.','2023-06-27 18:00:03','2023-06-27 18:00:03',NULL),(27,'Walter','11','1-806-395-8077','jakubowski.christa@hirthe.info','Minus ipsam dolorem qui aut modi autem rerum. In iusto quia dolores ducimus modi repudiandae. Consequatur corrupti explicabo quaerat animi. Error minus iusto in cupiditate ipsam id dolorem.','2023-06-27 18:00:03','2023-06-27 18:00:03',NULL),(28,'Juana','11','202.584.8404','ladarius66@gmail.com','Aliquid sequi officia quod. Voluptate asperiores similique dolores velit accusantium voluptatum ea molestiae. Et qui impedit recusandae exercitationem culpa. Excepturi molestiae ab necessitatibus corporis deleniti sed adipisci.','2023-06-27 18:00:03','2023-06-27 18:00:03',NULL),(29,'Lawrence','11','1-434-491-9852','wisozk.leanna@yahoo.com','Dignissimos quisquam perspiciatis quis repellat. Explicabo placeat voluptas rerum esse. Praesentium qui temporibus accusantium.','2023-06-27 18:00:03','2023-06-27 18:00:03',NULL),(30,'Loy','11','+1-580-538-5515','zledner@hotmail.com','Incidunt velit qui dolores sit sed pariatur et. Aut deleniti commodi odio sequi accusamus. Quasi illum deserunt laboriosam ut.','2023-06-27 18:00:03','2023-06-27 18:00:03',NULL),(31,'Leopold','11','+1-930-819-4533','dickinson.cristal@watsica.org','Tempora optio et quod totam. Sed sit eveniet excepturi temporibus rerum. Odit laborum id praesentium ut. Optio incidunt non in officia totam nihil rem.','2023-06-27 18:00:03','2023-06-27 18:00:03',NULL),(32,'Maxwell','11','+1 (260) 428-7220','wschowalter@yahoo.com','Eius incidunt dolorum aut vero voluptatem libero veritatis. Unde nobis dolores eligendi neque quasi rem modi. Nostrum non velit in. Perspiciatis consectetur enim voluptate ea temporibus blanditiis.','2023-06-27 18:00:03','2023-06-27 18:00:03',NULL),(33,'Delfina','11','(929) 948-9938','koelpin.shane@stoltenberg.com','Suscipit officiis repellendus vel cumque voluptatem illo velit recusandae. Est repellendus quaerat aliquam dolores. Magnam placeat dolorem recusandae velit illum.','2023-06-27 18:00:03','2023-06-27 18:00:03',NULL),(34,'Kory','11','1-754-495-2336','berta.bradtke@gmail.com','Accusantium sed quia cum quia. Amet quo et molestiae ducimus et. Facilis beatae voluptatibus molestiae vero. Vitae rem et esse.','2023-06-27 18:00:03','2023-06-27 18:00:03',NULL),(35,'Diamond','11','(812) 246-0150','nortiz@gmail.com','Aut similique explicabo fugiat quia harum officia sed. Aut inventore illo expedita quae sed. Quaerat nihil nihil reprehenderit veniam occaecati. Voluptatum tempora rerum quo dolores et.','2023-06-27 18:00:03','2023-06-27 18:00:03',NULL),(36,'Jazmyne','11','(410) 635-8114','emard.blanca@hotmail.com','Quas molestiae sint aut corrupti non. Dolore ut a molestiae incidunt amet aut quis.','2023-06-27 18:00:03','2023-06-27 18:00:03',NULL),(37,'Kellie','11','+1-661-698-9326','leone69@hotmail.com','Est exercitationem quis quod. Aut autem esse omnis cumque maxime magni. Distinctio est et nihil ab. Autem sit iure et nulla et. Est iusto eos ullam rerum.','2023-06-27 18:00:03','2023-06-27 18:00:03',NULL),(38,'Nelson','11','1-323-861-2943','madison54@frami.info','Quis ea eligendi culpa id. Rem enim ullam placeat voluptatem voluptatem est et. Quia ullam accusamus at quos ab perspiciatis enim. Nam odio error placeat vitae dolores veritatis. Molestiae itaque nam dolorem placeat labore qui.','2023-06-27 18:00:03','2023-06-27 18:00:03',NULL),(39,'Shaun','11','+1 (585) 949-8235','rosalyn.gleichner@hotmail.com','Vero voluptatum reprehenderit at accusantium illo qui rem. In ipsam provident autem doloremque corporis quia. Delectus facere laudantium fugiat tempora labore ut.','2023-06-27 18:00:03','2023-06-27 18:00:03',NULL),(40,'Mason','11','223-260-9041','veronica.kling@oreilly.com','Illum inventore quidem sed ut qui rerum rerum. Ut sed ut perferendis illo est voluptatum. Voluptatibus qui veritatis pariatur assumenda.','2023-06-27 18:00:03','2023-06-27 18:00:03',NULL),(41,'Laura','11','1-510-609-6481','cassin.kassandra@hotmail.com','Necessitatibus qui possimus maiores deleniti eius. Similique optio quos magnam voluptate dicta magnam. Voluptatem cupiditate facilis quaerat. Velit officiis aliquid mollitia voluptatem molestias.','2023-06-27 18:00:03','2023-06-27 18:00:03',NULL),(42,'Mckayla','11','+1.534.379.7333','daija.gusikowski@yahoo.com','Mollitia voluptatem aperiam qui ex eum ut. Placeat provident dolor soluta. Id earum qui harum rerum molestias est.','2023-06-27 18:00:03','2023-06-27 18:00:03',NULL),(43,'Ebony','11','(978) 243-2846','uhaley@langosh.com','Autem dolores et ad unde eum asperiores. Consequatur laudantium omnis doloribus debitis. Qui culpa consequatur ipsa doloremque. Sed animi omnis nisi iusto et asperiores error. Natus qui voluptates sunt est.','2023-06-27 18:00:03','2023-06-27 18:00:03',NULL),(44,'Eldon','11','+1-360-337-8491','schumm.brendon@goldner.com','Ut quae hic quos qui consequatur in impedit. Id quis sit ad perferendis. Omnis illo voluptatem ratione accusamus ab.','2023-06-27 18:00:03','2023-06-27 18:00:03',NULL),(45,'Maiya','11','+1 (425) 828-6512','marge.maggio@yahoo.com','Saepe corporis vero odit voluptas. Vel vel dolorum consequatur sequi. Ut sequi porro ratione. Alias est deserunt ut consequatur corrupti sed. Dolores in et dolor velit.','2023-06-27 18:00:03','2023-06-27 18:00:03',NULL),(46,'Michaela','11','(385) 892-2013','schulist.judy@hotmail.com','Qui et consequuntur qui exercitationem ut. Eum ut doloremque vero tempora natus. Libero voluptas tenetur et est maxime et hic.','2023-06-27 18:00:03','2023-06-27 18:00:03',NULL),(47,'Gloria','11','838-349-3291','arthur.wilkinson@hotmail.com','Enim nisi nisi cum sapiente blanditiis. Omnis voluptas sint recusandae vitae ipsa dolore sunt. Illo ex assumenda amet unde quas dolor et. Delectus aut et est debitis.','2023-06-27 18:00:03','2023-06-27 18:00:03',NULL),(48,'Alek','11','+1 (754) 434-7637','nolson@hotmail.com','Deleniti saepe aliquid vero ea impedit est. Quis harum sed voluptate tempora et accusamus. Corrupti est animi sunt dolores est voluptatum reprehenderit incidunt. Eligendi non totam quidem earum dignissimos molestiae non. Et facilis sed velit vitae natus assumenda.','2023-06-27 18:00:03','2023-06-27 18:00:03',NULL),(49,'Ian','11','941-361-0135','gilda.runte@reichert.com','Id consectetur non veniam perferendis aliquam qui. Error nostrum natus ipsum veritatis quae magni consequatur. Consequatur reprehenderit quia dolores voluptatem porro modi nobis. Placeat culpa et molestiae a optio enim. Est et quia porro delectus laudantium laboriosam.','2023-06-27 18:00:03','2023-06-27 18:00:03',NULL),(50,'Marcelle','11','283-894-4738','oanderson@yahoo.com','Quia alias rerum unde ut odit. Nam illum magni voluptatibus magnam. Nam laudantium quas odio omnis quibusdam autem excepturi. Beatae exercitationem quod deleniti voluptas tempore.','2023-06-27 18:00:03','2023-06-27 18:00:03',NULL);
/*!40000 ALTER TABLE `clientes` ENABLE KEYS */;
UNLOCK TABLES;

--
-- Table structure for table `clientes_enderecos`
--

DROP TABLE IF EXISTS `clientes_enderecos`;
/*!40101 SET @saved_cs_client     = @@character_set_client */;
/*!50503 SET character_set_client = utf8mb4 */;
CREATE TABLE `clientes_enderecos` (
  `id_cliente_endereco` int(10) unsigned NOT NULL AUTO_INCREMENT,
  `id_cliente` int(11) NOT NULL,
  `id_endereco` int(11) NOT NULL,
  `observacoes` text COLLATE utf8mb4_unicode_ci,
  `created_at` timestamp NULL DEFAULT NULL,
  `updated_at` timestamp NULL DEFAULT NULL,
  `deleted_at` timestamp NULL DEFAULT NULL,
  PRIMARY KEY (`id_cliente_endereco`)
) ENGINE=MyISAM AUTO_INCREMENT=51 DEFAULT CHARSET=utf8mb4 COLLATE=utf8mb4_unicode_ci;
/*!40101 SET character_set_client = @saved_cs_client */;

--
-- Dumping data for table `clientes_enderecos`
--

LOCK TABLES `clientes_enderecos` WRITE;
/*!40000 ALTER TABLE `clientes_enderecos` DISABLE KEYS */;
INSERT INTO `clientes_enderecos` VALUES (1,3,33,'Et blanditiis inventore eveniet est sed. Vero rerum eaque officiis quam. Iste corporis quo in error quia repellat.','2023-06-27 17:40:08','2023-06-27 17:40:08',NULL),(2,5,47,'Facilis quis fuga at tempore incidunt. Eius tempore corrupti et quia facere dignissimos. Dignissimos sint accusantium nesciunt vel non vel. Pariatur quos quam voluptate voluptatem atque placeat laudantium.','2023-06-27 17:40:08','2023-06-27 17:40:08',NULL),(3,43,25,'Nihil magni repellendus in libero rerum. Ex rerum eaque dolore qui. Itaque quo et non aut.','2023-06-27 17:40:08','2023-06-27 17:40:08',NULL),(4,41,16,'Facere enim quasi provident velit perferendis unde ratione. Beatae reprehenderit incidunt expedita omnis. Ut esse ut ex quos.','2023-06-27 17:40:08','2023-06-27 17:40:08',NULL),(5,33,4,'Iure veritatis temporibus nostrum sed est. Quos quasi quasi porro perferendis perferendis. Incidunt saepe ab qui quidem.','2023-06-27 17:40:08','2023-06-27 17:40:08',NULL),(6,46,20,'Iure fugiat explicabo sit deserunt ad sunt. Delectus quia culpa tempora qui nobis. Eaque eum corporis alias vero doloribus quia. Velit distinctio quaerat voluptatibus totam.','2023-06-27 17:40:08','2023-06-27 17:40:08',NULL),(7,3,35,'Quis officiis delectus dolor quisquam consequuntur placeat. Voluptatem corporis voluptatum quia debitis inventore. Voluptas veniam soluta perspiciatis expedita quia non iusto. Dolor eos qui voluptate fugit ratione quisquam aut aspernatur. Sequi dolorem minima aperiam provident aperiam.','2023-06-27 17:40:08','2023-06-27 17:40:08',NULL),(8,41,35,'Doloremque et nostrum possimus occaecati. Laborum voluptatem quia voluptatem velit dolores. Dolorum eum nihil dolor voluptas. Nesciunt nesciunt voluptas nisi quas pariatur velit itaque.','2023-06-27 17:40:08','2023-06-27 17:40:08',NULL),(9,32,24,'Explicabo ducimus necessitatibus quae commodi explicabo explicabo. Ut repellat porro suscipit id. Expedita et unde laudantium dolor sed.','2023-06-27 17:40:08','2023-06-27 17:40:08',NULL),(10,42,26,'A qui modi cumque natus et officiis esse. Recusandae necessitatibus consectetur qui. Tempore similique iure illum rerum eaque quo et at.','2023-06-27 17:40:08','2023-06-27 17:40:08',NULL),(11,46,4,'Deleniti cupiditate placeat nihil voluptas nostrum velit non. Magni consequatur quisquam commodi ea non.','2023-06-27 17:40:08','2023-06-27 17:40:08',NULL),(12,33,24,'Qui tempora necessitatibus labore porro. Sequi ab praesentium et dignissimos vitae fugit qui ut. Dolorem aut error tenetur. Delectus ipsam quidem quod consequatur ut rerum ipsa.','2023-06-27 17:40:08','2023-06-27 17:40:08',NULL),(13,29,30,'Nemo laudantium tempore iure rerum vero tempore. Est praesentium voluptatem laboriosam minus error earum et. Assumenda quia repellat ducimus recusandae molestiae.','2023-06-27 17:40:08','2023-06-27 17:40:08',NULL),(14,30,2,'Excepturi quasi ducimus sint distinctio ut doloremque ea nihil. Architecto ut voluptatibus consequatur consequuntur tempore et cumque. Eum est magni similique pariatur.','2023-06-27 17:40:08','2023-06-27 17:40:08',NULL),(15,3,31,'Inventore sit dolorem non nisi delectus recusandae vel. Ullam aut id optio veniam. Sit officiis et laudantium quaerat iste sint cupiditate et. Non sit voluptates delectus vel.','2023-06-27 17:40:08','2023-06-27 17:40:08',NULL),(16,9,48,'Doloribus laudantium est ullam et veritatis et autem. Qui voluptatem animi aut ut est ut dignissimos. Tempora consequuntur velit error amet distinctio sit. Et provident laborum alias in.','2023-06-27 17:40:08','2023-06-27 17:40:08',NULL),(17,7,29,'Sequi aspernatur dolorum repudiandae odio debitis quia error. Magnam vel aspernatur quasi facilis alias incidunt eveniet. Aperiam molestiae esse suscipit ratione nihil qui rerum sit.','2023-06-27 17:40:08','2023-06-27 17:40:08',NULL),(18,36,1,'Nam et est praesentium doloremque eos et nisi ipsa. Quas non blanditiis nostrum voluptatem. Ut ut at doloribus. Tempore asperiores porro quia consequatur voluptatem. Est architecto quidem voluptate ratione ullam.','2023-06-27 17:40:08','2023-06-27 17:40:08',NULL),(19,4,50,'Consequatur nemo nam a atque natus dignissimos. Id et aut eum velit soluta voluptate. Nesciunt libero ut doloremque quos. Hic possimus cum est expedita.','2023-06-27 17:40:08','2023-06-27 17:40:08',NULL),(20,40,46,'In dolores rerum laudantium laboriosam aliquam vel qui. Nobis repudiandae et asperiores mollitia voluptas. Incidunt fugit laboriosam ut officiis autem. Enim qui facere modi ut.','2023-06-27 17:40:08','2023-06-27 17:40:08',NULL),(21,6,19,'Laborum laboriosam et enim omnis. Itaque pariatur pariatur nesciunt corporis quod. Aliquid cupiditate libero eum voluptate rerum corporis. Dolor iste est expedita iste.','2023-06-27 17:40:08','2023-06-27 17:40:08',NULL),(22,31,29,'Explicabo iste rem minus minus incidunt. Non debitis et inventore debitis sed aliquam doloremque. Veritatis sunt consequuntur dolore et minus optio.','2023-06-27 17:40:08','2023-06-27 17:40:08',NULL),(23,42,41,'Magnam ad consequuntur quia et illum. Sit rerum molestiae ipsa et. Provident qui aliquid earum veritatis. Sit cumque cum magnam.','2023-06-27 17:40:08','2023-06-27 17:40:08',NULL),(24,1,7,'Voluptas rem sed adipisci beatae omnis inventore nihil. Debitis suscipit pariatur tempora ad repellendus. Quia est esse sint.','2023-06-27 17:40:08','2023-06-27 17:40:08',NULL),(25,10,36,'Hic quia dolore eos sit. Veritatis repudiandae sunt voluptas maxime dicta atque impedit fugit. Ut impedit qui tempore.','2023-06-27 17:40:08','2023-06-27 17:40:08',NULL),(26,20,19,'Exercitationem similique odio tempore et expedita quia optio. Sit quia facilis porro consequatur ad laboriosam.','2023-06-27 17:40:08','2023-06-27 17:40:08',NULL),(27,25,28,'Quia eius et vitae omnis ipsam. Ut tenetur accusantium voluptatem sed qui suscipit quidem totam. Quae sunt atque autem est.','2023-06-27 17:40:08','2023-06-27 17:40:08',NULL),(28,41,16,'Accusantium quia odit placeat inventore nisi excepturi. Nisi similique consequuntur nulla quia non aspernatur inventore aut. Aut dolor ea atque qui itaque. Fugit accusantium harum quia veritatis ullam adipisci minima.','2023-06-27 17:40:08','2023-06-27 17:40:08',NULL),(29,48,38,'Voluptate corrupti animi nihil culpa et et sed. Labore fugiat quo totam magnam. A sint quos enim ut et vero qui. Id molestiae distinctio sequi voluptas praesentium nisi est delectus.','2023-06-27 17:40:08','2023-06-27 17:40:08',NULL),(30,45,48,'Cupiditate sunt quisquam natus eaque. Culpa aut adipisci nisi nisi qui quos suscipit odit. Cum rerum illum id aut ad dolorem quam sed. In molestiae aut fugit ut deleniti.','2023-06-27 17:40:08','2023-06-27 17:40:08',NULL),(31,28,30,'Maiores velit fugiat praesentium corrupti quaerat culpa velit. Ipsum ducimus harum cum est voluptatum consequatur. Eos unde in reiciendis quia sint iste. Ullam assumenda dolor totam fugit et asperiores aut sit.','2023-06-27 17:40:08','2023-06-27 17:40:08',NULL),(32,32,13,'Est voluptas rerum doloremque necessitatibus voluptas accusamus suscipit. Aut aliquam excepturi voluptatem est magnam. Possimus tempore reiciendis quod minima voluptas. Tempore sapiente harum ipsa et voluptatem ut debitis.','2023-06-27 17:40:08','2023-06-27 17:40:08',NULL),(33,15,24,'Ut ipsum laboriosam et quia reiciendis hic. Tenetur eum tenetur tempora corporis voluptatibus illo repellat. Minus illum dolorum labore et. Porro accusantium sed impedit ab eligendi cumque atque.','2023-06-27 17:40:08','2023-06-27 17:40:08',NULL),(34,49,36,'Consequatur et veniam suscipit. Distinctio totam officiis est. Officiis aut itaque sunt et. Eum sapiente tempora eum.','2023-06-27 17:40:08','2023-06-27 17:40:08',NULL),(35,26,37,'Ut est sint et nobis consequatur reiciendis facere laborum. Accusantium quo quis est id voluptates at. Quasi aut iure atque est. Ratione enim iure voluptatem quaerat sapiente voluptatem enim.','2023-06-27 17:40:08','2023-06-27 17:40:08',NULL),(36,46,20,'Rerum dolorum in harum nihil omnis rerum. Vel optio culpa quis doloribus reprehenderit. Sed eos molestiae nulla exercitationem et ratione aut.','2023-06-27 17:40:08','2023-06-27 17:40:08',NULL),(37,6,20,'Accusantium reprehenderit cum et magni et laboriosam dolores. Laudantium id vero ea et qui nemo. Necessitatibus veniam commodi qui aliquid ut.','2023-06-27 17:40:08','2023-06-27 17:40:08',NULL),(38,28,13,'Dicta incidunt quibusdam omnis. Porro incidunt omnis sunt blanditiis adipisci quia. Dolor dolor iure optio voluptatum rerum.','2023-06-27 17:40:08','2023-06-27 17:40:08',NULL),(39,44,12,'Dolore fugit sapiente non sint facere rerum. Nam eligendi et possimus laborum provident aliquam. Facilis enim placeat ratione deserunt.','2023-06-27 17:40:08','2023-06-27 17:40:08',NULL),(40,37,12,'Velit error labore aut qui eos est unde. Molestias saepe dignissimos vel consequatur voluptatum voluptas consectetur. Culpa sequi debitis error aspernatur voluptatem aliquam debitis. Est sit omnis dolores eaque rerum. Qui beatae tempore quia repudiandae asperiores.','2023-06-27 17:40:08','2023-06-27 17:40:08',NULL),(41,50,7,'Odit et perferendis autem inventore quam. Repellendus sit non est amet nam doloremque libero. Est harum nulla commodi vero et accusantium. Quisquam et fugiat recusandae nisi rerum. Rem odit fugit officia recusandae praesentium porro autem.','2023-06-27 17:40:08','2023-06-27 17:40:08',NULL),(42,34,4,'Mollitia aliquid aut molestiae aliquam. Et laudantium quae magni natus vel et aut. Rerum ut dolor quae fuga officiis dicta ducimus ducimus.','2023-06-27 17:40:08','2023-06-27 17:40:08',NULL),(43,38,15,'Veritatis dolor omnis tempora molestiae similique nam. Cum architecto eveniet aspernatur aut.','2023-06-27 17:40:08','2023-06-27 17:40:08',NULL),(44,49,16,'Eligendi non voluptas ducimus. Excepturi nisi dolore vitae et necessitatibus omnis. Sapiente laboriosam dolores rerum perferendis delectus repellat cum. Est hic eum quo maiores dolore perferendis est et.','2023-06-27 17:40:08','2023-06-27 17:40:08',NULL),(45,41,17,'Quas quod et atque velit non veniam ut. Earum qui perferendis reprehenderit maxime eos deserunt facilis. Atque exercitationem accusantium omnis minus voluptatem voluptas adipisci.','2023-06-27 17:40:08','2023-06-27 17:40:08',NULL),(46,50,23,'Sed magnam odit eum. Laborum esse sunt nihil distinctio incidunt. Labore assumenda autem aut officia explicabo. Quos iure dolor qui voluptate. Suscipit similique ut velit voluptatem.','2023-06-27 17:40:08','2023-06-27 17:40:08',NULL),(47,3,16,'Quod quasi sint aut facilis qui. Rem id est quo veritatis. Laudantium aut occaecati ratione sunt. Ea aut laudantium saepe ad.','2023-06-27 17:40:08','2023-06-27 17:40:08',NULL),(48,26,49,'Ad consequatur eos minus aliquid itaque. Nostrum quasi voluptatem eos ipsam. Ad quisquam odit maiores enim odit reprehenderit. Laborum vitae iste nulla fuga aut quidem maiores.','2023-06-27 17:40:08','2023-06-27 17:40:08',NULL),(49,48,33,'Aperiam earum assumenda pariatur vero facilis eius non. Consequatur tempore commodi eum dolorem est. Delectus labore dolorum aut aspernatur quasi.','2023-06-27 17:40:08','2023-06-27 17:40:08',NULL),(50,13,33,'Ea inventore sunt ut et. Ut sint beatae alias sunt. Atque rerum eum iste quod.','2023-06-27 17:40:08','2023-06-27 17:40:08',NULL);
/*!40000 ALTER TABLE `clientes_enderecos` ENABLE KEYS */;
UNLOCK TABLES;

--
-- Table structure for table `enderecos`
--

DROP TABLE IF EXISTS `enderecos`;
/*!40101 SET @saved_cs_client     = @@character_set_client */;
/*!50503 SET character_set_client = utf8mb4 */;
CREATE TABLE `enderecos` (
  `id_endereco` int(10) unsigned NOT NULL AUTO_INCREMENT,
  `endereco` varchar(191) COLLATE utf8mb4_unicode_ci NOT NULL,
  `numero` varchar(191) COLLATE utf8mb4_unicode_ci DEFAULT NULL,
  `complemento` varchar(191) COLLATE utf8mb4_unicode_ci DEFAULT NULL,
  `bairro` varchar(191) COLLATE utf8mb4_unicode_ci DEFAULT NULL,
  `cidade` varchar(191) COLLATE utf8mb4_unicode_ci DEFAULT NULL,
  `uf` varchar(2) COLLATE utf8mb4_unicode_ci DEFAULT NULL,
  `cep` varchar(45) COLLATE utf8mb4_unicode_ci DEFAULT NULL,
  `observacoes` text COLLATE utf8mb4_unicode_ci,
  `created_at` timestamp NULL DEFAULT NULL,
  `updated_at` timestamp NULL DEFAULT NULL,
  `deleted_at` timestamp NULL DEFAULT NULL,
  PRIMARY KEY (`id_endereco`)
) ENGINE=MyISAM AUTO_INCREMENT=60 DEFAULT CHARSET=utf8mb4 COLLATE=utf8mb4_unicode_ci;
/*!40101 SET character_set_client = @saved_cs_client */;

--
-- Dumping data for table `enderecos`
--

LOCK TABLES `enderecos` WRITE;
/*!40000 ALTER TABLE `enderecos` DISABLE KEYS */;
INSERT INTO `enderecos` VALUES (1,'96529 Connie Corner\nBessiemouth, AR 19759','149','d','iste','Cristalland','SP','13','Sapiente aperiam ducimus qui perspiciatis. Deleniti ex autem qui est. Dicta sed sequi tempora doloremque voluptas quisquam.','2023-06-27 17:36:23','2023-06-27 17:36:23',NULL),(2,'350 Helen Crossing Suite 492\nOswaldmouth, VT 07996','935','x','aut','New Frieda','SP','581','Libero officia dolores et dolor harum officiis sint. Non quis quia voluptas. Omnis dolores cum et ullam. Hic quae velit aliquam qui consequatur beatae.','2023-06-27 17:36:23','2023-06-27 17:36:23',NULL),(3,'17292 Hermann Lights Apt. 956\nSwaniawskifurt, AL 45229-4786','986','m','perferendis','Heidenreichborough','SP','958','Quibusdam eos dolorem rerum aliquam. Dolores ipsa aut iusto voluptate laudantium nulla. Ducimus ipsum illo in similique. Magnam exercitationem eum aut itaque.','2023-06-27 17:36:23','2023-06-27 17:36:23',NULL),(4,'4553 Hill Estate\nBradville, OH 23975','325','d','delectus','Ferryside','SP','352','Debitis maiores ab iste. Tempora occaecati ut quia consequatur esse adipisci.','2023-06-27 17:36:23','2023-06-27 17:36:23',NULL),(5,'411 Robel Point Apt. 115\nNettieshire, CA 81265-4642','201','x','dolorem','Monahanmouth','SP','38','Qui ex iusto id nulla id facere quo. Ipsa harum sit ad aut iusto maiores. Nostrum delectus qui error eaque voluptatem ut maxime.','2023-06-27 17:36:23','2023-06-27 17:36:23',NULL),(6,'43004 Austen Locks\nPort Corystad, IA 43941','532','j','quis','Magnoliamouth','SP','752','Vero et sit aspernatur debitis distinctio ad itaque. Sunt sapiente ipsum est sed voluptates. Et quae corrupti eveniet placeat mollitia explicabo quam ullam.','2023-06-27 17:36:23','2023-06-27 17:36:23',NULL),(7,'54871 Rath Canyon Suite 245\nTaureanborough, IA 74795-3498','663','l','aut','East Tania','SP','230','Vitae ipsum quaerat voluptatem illo. Aut molestias eos ipsum fugiat quidem nam inventore.','2023-06-27 17:36:23','2023-06-27 17:36:23',NULL),(8,'5092 Hyatt View Apt. 720\nSengerburgh, OR 99811-4315','690','c','voluptas','Lake Era','SP','2','Culpa cupiditate facere cum odio voluptatem. Qui quibusdam sed quasi. Facilis quidem mollitia iure expedita et nulla dolorem.','2023-06-27 17:36:23','2023-06-27 17:36:23',NULL),(9,'17250 Bartell Cliffs Suite 662\nEast Beauport, SD 83318','950','l','sint','Port Bethany','SP','72','Delectus id ea nulla veniam quia. Quibusdam necessitatibus sed vitae sunt aut. Consectetur iure perferendis cupiditate dicta laborum. Aliquam suscipit et libero veritatis.','2023-06-27 17:36:23','2023-06-27 17:36:23',NULL),(10,'81637 Terry Cliff\nEast Orrin, AK 87534-4524','820','z','nostrum','Dexterland','SP','16','Id omnis nobis esse. Fugit ad possimus voluptas unde.','2023-06-27 17:40:07','2023-06-27 17:40:07',NULL),(11,'1062 Chad Station Apt. 001\nNew Chelsiemouth, HI 83215','988','b','hic','North Gordon','SP','455','Consequatur exercitationem esse optio repellat rerum nulla. Rerum quia illo molestias eum facere aut laborum. Modi quibusdam et quo et. In voluptate fugit et sunt rerum enim aut.','2023-06-27 17:40:08','2023-06-27 17:40:08',NULL),(12,'151 Watsica Road Apt. 376\nNaomiehaven, KY 53151-7638','93','b','illum','Reingerborough','SP','10','Esse aut atque ea distinctio laudantium consequatur. Qui dolor asperiores at quae id accusamus ullam.','2023-06-27 17:40:08','2023-06-27 17:40:08',NULL),(13,'17924 Pollich Harbor\nWaterschester, NV 13453','1000','k','amet','Creminburgh','SP','293','Impedit aut magnam consequatur est. Voluptas sed et repudiandae architecto fugit molestiae voluptatibus. Fuga sed quis dolorem laborum aspernatur eum fugiat. Voluptatum maxime id quas. Reprehenderit odio deleniti in.','2023-06-27 17:40:08','2023-06-27 17:40:08',NULL),(14,'982 Elmer Villages\nFloridaberg, IL 25962-5568','244','n','voluptatem','Lake Fernport','SP','444','Est excepturi dolor consequatur enim. Laudantium sequi ullam rem. Suscipit fuga quam nobis temporibus magnam vel. Et id sapiente libero quisquam quos.','2023-06-27 17:40:08','2023-06-27 17:40:08',NULL),(15,'94190 Ramona Streets\nMullerberg, OH 98194','422','m','iste','Port Assunta','SP','366','Quia sint totam et nemo ut omnis. Accusantium qui est autem et occaecati esse aut. Ducimus et ipsum neque sed est vero.','2023-06-27 17:40:08','2023-06-27 17:40:08',NULL),(16,'795 Tavares Mountain Apt. 827\nEast Anabelle, LA 87942','433','p','unde','West Velmaburgh','SP','148','Officia at temporibus adipisci voluptatum. Dolore nisi consequuntur maxime amet non.','2023-06-27 17:40:08','2023-06-27 17:40:08',NULL),(17,'1642 Mariela Cove\nLake Lafayetteland, FL 22923-6831','91','c','enim','North Kelsieview','SP','40','Quod excepturi autem sed pariatur. Fuga ratione at ut iure. Dolores fugiat labore est libero autem. Dolore recusandae ratione voluptatum eum. Laborum ex itaque sit.','2023-06-27 17:40:08','2023-06-27 17:40:08',NULL),(18,'99998 Sigurd Springs\nZelmaburgh, MN 86976-0626','466','g','aut','Lake Olashire','SP','924','Id modi labore ut est officia aut. Ea ducimus et non animi. Et sint beatae ex nesciunt.','2023-06-27 17:40:08','2023-06-27 17:40:08',NULL),(19,'25073 Richie Creek Apt. 027\nPiperhaven, AL 25013','780','o','delectus','Port Scotty','SP','686','Debitis architecto saepe qui nihil odit est error optio. Quaerat atque maiores repellat quia hic est. Alias voluptatem minus est aut vero necessitatibus. Eligendi eos qui eveniet sed consequatur.','2023-06-27 17:40:08','2023-06-27 17:40:08',NULL),(20,'54196 Golden Harbor Apt. 251\nDewittbury, NC 16297','347','r','voluptatem','South Sylvester','SP','884','Vitae aut et totam blanditiis sit non. Ea quisquam sit magni iure earum. Accusantium voluptate voluptatum magni voluptatem fuga et fugit cumque.','2023-06-27 17:40:08','2023-06-27 17:40:08',NULL),(21,'107 Letitia Vista Apt. 833\nEast Lysanne, LA 33533','149','c','dolorem','Schneiderberg','SP','915','Porro aspernatur ea et quasi excepturi magnam. Non doloremque impedit ut quos et nulla sint. Similique officia quia omnis doloremque. Magnam est doloribus consequatur numquam rerum omnis possimus.','2023-06-27 17:40:08','2023-06-27 17:40:08',NULL),(22,'464 Hintz Roads Apt. 317\nEarnestinestad, IN 27435','352','h','non','Jacobistad','SP','391','Reiciendis occaecati repudiandae qui quam. Modi et quibusdam laborum in. Distinctio aliquam nobis cum impedit et.','2023-06-27 17:40:08','2023-06-27 17:40:08',NULL),(23,'67783 Volkman Circles\nFisherview, NY 05105-5929','454','f','nostrum','Crooksside','SP','966','Dolorum vel eum dignissimos ut suscipit. Unde unde sint et ab. Beatae beatae qui enim optio sed quia consectetur.','2023-06-27 17:40:08','2023-06-27 17:40:08',NULL),(24,'4760 Mayert Village\nWest Ebba, MN 07896','218','c','qui','Ziemannview','SP','233','Vel quis est ut aut aut consequuntur quia. Fugit quaerat est iste dolores laboriosam consequatur. Qui officiis provident aut quis est.','2023-06-27 17:40:08','2023-06-27 17:40:08',NULL),(25,'2210 Barton Mount Apt. 978\nChristellemouth, GA 02818-1650','678','c','debitis','Doylestad','SP','259','Et laudantium incidunt sit omnis. Labore numquam et qui amet non a aut dolores. Ex modi quod quidem sint fugiat et quae. Illum eum tempora qui provident consequatur tempore.','2023-06-27 17:40:08','2023-06-27 17:40:08',NULL),(26,'365 Maci Falls\nZechariahshire, VT 67531','234','t','nam','South Ariannashire','SP','836','Sit ullam hic aliquam nemo quia aut. Eveniet repudiandae modi nemo alias earum. Sunt harum iste et alias nam at. Maiores facere atque dolore corrupti eligendi sed dolorem eius.','2023-06-27 17:40:08','2023-06-27 17:40:08',NULL),(27,'239 Rice Isle\nNew Kory, NC 74683-6139','434','g','et','Manteberg','SP','361','Autem voluptatem aliquam alias velit. Consectetur quis consequatur temporibus quisquam molestiae.','2023-06-27 17:40:08','2023-06-27 17:40:08',NULL),(28,'54675 Balistreri Manors Suite 777\nWatersville, OH 91054','186','r','mollitia','South Lemuel','SP','630','Rerum nesciunt animi id aut rerum quo et. Ut delectus placeat odit. Est laborum ratione consequatur non quia iste dolores quo. Officiis esse odit incidunt aspernatur recusandae earum eos.','2023-06-27 17:40:08','2023-06-27 17:40:08',NULL),(29,'48997 Bradtke Glen\nAylamouth, NE 25953-9644','214','q','vero','Adellaport','SP','130','Cupiditate eum eos iure consequatur cum sunt. Provident nobis officiis autem fugit qui. Voluptate dolor omnis quis vel et in. Quos facere rerum sed delectus sit sunt quasi.','2023-06-27 17:40:08','2023-06-27 17:40:08',NULL),(30,'4220 Abbey Glen Apt. 980\nNorth Mabellemouth, OK 24803-3706','299','s','iusto','Hadleytown','SP','232','Velit sequi perferendis aut tenetur perferendis pariatur quo provident. Ab harum rerum soluta dolor voluptatem cumque fuga. Quam facilis cumque in voluptatum rerum laudantium eos quisquam.','2023-06-27 17:40:08','2023-06-27 17:40:08',NULL),(31,'40617 Donald Street\nNorth Marlon, NM 59404-3089','327','q','quasi','Grimesbury','SP','809','Voluptatum quae totam quo nemo perspiciatis magni accusantium est. Ratione commodi cumque nulla quos eaque. Aut minima rerum itaque et ipsa. Sed aspernatur ut accusantium atque.','2023-06-27 17:40:08','2023-06-27 17:40:08',NULL),(32,'711 Stokes Roads Suite 364\nNorth Kaleb, OK 56824-0013','331','s','inventore','South Courtney','SP','697','Sequi unde error et eos et enim perferendis. Aperiam est voluptas aliquid facere.','2023-06-27 17:40:08','2023-06-27 17:40:08',NULL),(33,'991 Olson Common\nPort Coltonville, OR 81796-4489','645','b','cumque','South Fridamouth','SP','229','Harum libero sit aut ut temporibus architecto. Qui voluptatum voluptas ut iusto. Velit ab modi quam accusantium nulla. Maxime dolorum molestias praesentium at rem. Eius omnis voluptas ipsum dolores aliquam est harum.','2023-06-27 17:40:08','2023-06-27 17:40:08',NULL),(34,'4710 Jerrod Oval\nKileystad, OH 56948-3026','605','w','tenetur','South Tara','SP','460','Ut vel quia voluptates non odio adipisci reiciendis nesciunt. Quos doloribus aut velit inventore quis. Accusantium aut nulla in adipisci corporis provident non aut. Maxime laboriosam vel ut expedita.','2023-06-27 17:40:08','2023-06-27 17:40:08',NULL),(35,'7683 Bernadette Square\nWest Hildegardview, MN 12720','605','h','rerum','West Jonathanchester','SP','349','Ullam temporibus rerum quaerat amet. Qui assumenda autem tempora deleniti. Excepturi quo sit assumenda voluptatem magni illum corrupti. Modi harum quisquam consequatur numquam esse id et.','2023-06-27 17:40:08','2023-06-27 17:40:08',NULL),(36,'5970 Ubaldo Tunnel Apt. 756\nTrinityfurt, VA 92703','735','x','molestiae','Nyahstad','SP','46','Est eveniet est possimus quae illum facere. Nisi dolores molestias sit reprehenderit dolores nihil. Repudiandae eum vitae consequatur voluptatem non vel doloremque.','2023-06-27 17:40:08','2023-06-27 17:40:08',NULL),(37,'2934 Heidenreich Mountain\nNorth Leann, IN 24500-3358','326','e','nemo','New Abbigail','SP','151','Neque molestiae non ex adipisci cupiditate praesentium sapiente. Sit eius non labore fugit vel nihil. Beatae voluptatem dolor qui impedit.','2023-06-27 17:40:08','2023-06-27 17:40:08',NULL),(38,'21027 Witting Harbor\nPeteside, KY 09011','277','z','sit','Port Adonis','SP','751','Recusandae et qui accusantium ducimus. Facilis repellat molestiae voluptatem. Impedit cupiditate est voluptatem et ad adipisci. Dolorem fuga asperiores quibusdam sapiente inventore voluptatibus impedit.','2023-06-27 17:40:08','2023-06-27 17:40:08',NULL),(39,'35183 Carrie Run\nRaymondfort, VA 09016-2608','451','y','delectus','North Seamusborough','SP','659','Adipisci dolorum non illo consectetur soluta rerum. Libero nemo repudiandae rerum ipsam id et dignissimos. Laboriosam ut veritatis recusandae beatae totam. Dolores assumenda aliquam ex dolor.','2023-06-27 17:40:08','2023-06-27 17:40:08',NULL),(40,'97355 Zboncak Key Suite 255\nNew Herminiaborough, MO 14527','862','t','sequi','Estellfurt','SP','64','Dicta aut minima reprehenderit est. Architecto ipsum nemo modi iste rem nam maiores. Nihil dolorem enim nihil. Quidem quisquam rerum facere ea cum.','2023-06-27 17:40:08','2023-06-27 17:40:08',NULL),(41,'7332 Eduardo Mews Suite 372\nBaileyside, AL 88698','612','r','voluptas','Penelopeport','SP','519','Laudantium modi exercitationem numquam corporis. Ullam incidunt esse ad iste ut aspernatur dicta. Quod est aliquid in voluptate ipsam. Nesciunt aspernatur reiciendis ut est eum provident nemo.','2023-06-27 17:40:08','2023-06-27 17:40:08',NULL),(42,'875 Keely Springs Apt. 824\nLake Amyton, VA 23624','419','h','maiores','Kayastad','SP','20','Consequatur qui beatae labore suscipit sit reprehenderit. Cumque quos quo odit sit. Et distinctio et molestiae facere. Quas sed dolor culpa. Veniam nesciunt aliquam eum alias.','2023-06-27 17:40:08','2023-06-27 17:40:08',NULL),(43,'40945 Roob Knolls\nSouth Barry, OR 65836-6382','947','r','est','New Rebekahville','SP','516','Consectetur eveniet delectus animi repudiandae. Neque expedita perferendis eius ipsam qui quos. Harum quis libero rem ad.','2023-06-27 17:40:08','2023-06-27 17:40:08',NULL),(44,'224 Charlene Fort\nWest Traceville, MT 93207-7638','806','s','nostrum','New Dockmouth','SP','219','Libero molestias qui velit ut blanditiis. In quidem enim aut cumque. Eius necessitatibus aut ab. Enim cumque perspiciatis odio iure voluptates quasi.','2023-06-27 17:40:08','2023-06-27 17:40:08',NULL),(45,'38452 Rice Glens\nSwiftview, MA 56355','666','p','et','Beckerchester','SP','698','Accusantium non eum sint. Iusto libero cumque earum recusandae quaerat laboriosam. Ipsum ullam vel nihil occaecati alias doloremque dolorem.','2023-06-27 17:40:08','2023-06-27 17:40:08',NULL),(46,'969 Erick Vista\nCormierfurt, AR 48429','790','d','earum','West Etha','SP','463','Enim aut eveniet aut. Iste provident numquam id excepturi voluptates deleniti enim. Inventore enim eius omnis eligendi laudantium et odio. Fuga nemo blanditiis eos deleniti et labore error.','2023-06-27 17:40:08','2023-06-27 17:40:08',NULL),(47,'60754 Kreiger Street Suite 249\nLake Alberthafort, NV 07651-4540','769','f','voluptas','Grantshire','SP','751','Quo consequatur nam aliquid quibusdam voluptate debitis. Veniam maiores esse repellendus quasi voluptatem aut in. Cum enim dolores ut vero.','2023-06-27 17:40:08','2023-06-27 17:40:08',NULL),(48,'82303 Oliver Rest\nLake Suzannestad, GA 43487','686','v','autem','South Westley','SP','835','Laborum eum corrupti sit labore. Dignissimos et cupiditate quo quod. Amet quod numquam quam soluta.','2023-06-27 17:40:08','2023-06-27 17:40:08',NULL),(49,'9798 Satterfield Branch\nNew Jeremy, TX 20281-8651','22','v','cumque','Sierraville','SP','726','Saepe ipsum voluptatum quidem animi. Eius sed sapiente ut ut. Rerum et voluptatem maxime repellat.','2023-06-27 17:40:08','2023-06-27 17:40:08',NULL),(50,'92396 Sawayn Island Suite 776\nHandmouth, FL 77125','354','o','similique','Port Gloriamouth','SP','475','Placeat exercitationem et velit voluptas. Ratione est corporis fugiat voluptate quis repudiandae. Nulla cupiditate veniam voluptatibus.','2023-06-27 17:40:08','2023-06-27 17:40:08',NULL),(51,'64117 Ida Ramp\nKarenberg, NH 07163','797','a','deserunt','West Roosevelt','SP','45','Est rerum unde quis aperiam consequatur. Aut tempore repellat sunt perferendis qui error enim. Praesentium nobis a ut deserunt. Nisi sed enim aut dignissimos nam vitae.','2023-06-27 17:40:08','2023-06-27 17:40:08',NULL),(52,'5449 Keeling Ports\nLarkinville, ID 83929','610','p','et','Audreannemouth','SP','354','Quod voluptatum est et. Sunt ut expedita voluptatem soluta illum.','2023-06-27 17:40:08','2023-06-27 17:40:08',NULL),(53,'81792 Naomie Glen\nEast Dave, MT 21426','366','j','voluptatem','Port Fredview','SP','72','Et eius asperiores tempore repudiandae veniam rerum aut cupiditate. Eos neque laboriosam repellendus odio velit reprehenderit. Doloribus et a nesciunt a et dicta. Saepe inventore laborum optio fuga totam dolore in non.','2023-06-27 17:40:08','2023-06-27 17:40:08',NULL),(54,'8417 Justus Village Apt. 095\nLake Adell, DE 03643','592','n','sunt','Destinfort','SP','140','Eum veritatis et nulla accusamus aut et et. Ex consequatur non dolorum et earum. Et laboriosam qui nesciunt nam sunt commodi ab.','2023-06-27 17:40:08','2023-06-27 17:40:08',NULL),(55,'2857 Halvorson Lock\nLake Mose, KY 48491-0976','97','v','velit','East Mosesville','SP','229','Beatae soluta ex quia voluptates ea. Autem rem est tenetur officia at magni esse. Beatae fugiat maxime ipsum pariatur nemo. Occaecati veniam quibusdam et et vel.','2023-06-27 17:40:08','2023-06-27 17:40:08',NULL),(56,'4731 Rosemary Freeway Suite 519\nLake Devonview, PA 76689','850','s','illum','Sigmundside','SP','950','Maxime maxime qui laboriosam occaecati eveniet aut. Beatae ut qui omnis totam quibusdam. Tenetur hic illo est enim non veniam. Quaerat alias laborum voluptas consequuntur qui.','2023-06-27 17:40:08','2023-06-27 17:40:08',NULL),(57,'3181 Virgie Knoll Suite 912\nSouth Henri, NH 00684','94','v','nisi','Brycentown','SP','732','Laboriosam qui officia est nihil quia unde. Quaerat magnam nulla iste et unde quam. Omnis eligendi asperiores facere non.','2023-06-27 17:40:08','2023-06-27 17:40:08',NULL),(58,'464 Norene Fort Suite 062\nNorth Gertrude, GA 76170','803','o','quas','East Leonormouth','SP','336','Explicabo ab rerum ab laborum. Deleniti distinctio cupiditate adipisci adipisci saepe voluptatum. Veritatis odit aliquid ut consectetur dolorem facilis.','2023-06-27 17:40:08','2023-06-27 17:40:08',NULL),(59,'34422 Delia Oval Suite 582\nNew Arvillaville, FL 77147-3603','228','x','nobis','Marquisbury','SP','842','Quia reiciendis aliquam enim vitae et maiores consequatur. Eos et nulla architecto quidem quasi temporibus quia. Veritatis officiis ipsa minus quas.','2023-06-27 17:40:08','2023-06-27 17:40:08',NULL);
/*!40000 ALTER TABLE `enderecos` ENABLE KEYS */;
UNLOCK TABLES;

--
-- Table structure for table `failed_jobs`
--

DROP TABLE IF EXISTS `failed_jobs`;
/*!40101 SET @saved_cs_client     = @@character_set_client */;
/*!50503 SET character_set_client = utf8mb4 */;
CREATE TABLE `failed_jobs` (
  `id` bigint(20) unsigned NOT NULL AUTO_INCREMENT,
  `uuid` varchar(191) COLLATE utf8mb4_unicode_ci NOT NULL,
  `connection` text COLLATE utf8mb4_unicode_ci NOT NULL,
  `queue` text COLLATE utf8mb4_unicode_ci NOT NULL,
  `payload` longtext COLLATE utf8mb4_unicode_ci NOT NULL,
  `exception` longtext COLLATE utf8mb4_unicode_ci NOT NULL,
  `failed_at` timestamp NOT NULL DEFAULT CURRENT_TIMESTAMP,
  PRIMARY KEY (`id`),
  UNIQUE KEY `failed_jobs_uuid_unique` (`uuid`)
) ENGINE=MyISAM DEFAULT CHARSET=utf8mb4 COLLATE=utf8mb4_unicode_ci;
/*!40101 SET character_set_client = @saved_cs_client */;

--
-- Dumping data for table `failed_jobs`
--

LOCK TABLES `failed_jobs` WRITE;
/*!40000 ALTER TABLE `failed_jobs` DISABLE KEYS */;
/*!40000 ALTER TABLE `failed_jobs` ENABLE KEYS */;
UNLOCK TABLES;

--
-- Table structure for table `migrations`
--

DROP TABLE IF EXISTS `migrations`;
/*!40101 SET @saved_cs_client     = @@character_set_client */;
/*!50503 SET character_set_client = utf8mb4 */;
CREATE TABLE `migrations` (
  `id` int(10) unsigned NOT NULL AUTO_INCREMENT,
  `migration` varchar(191) COLLATE utf8mb4_unicode_ci NOT NULL,
  `batch` int(11) NOT NULL,
  PRIMARY KEY (`id`)
) ENGINE=MyISAM AUTO_INCREMENT=22 DEFAULT CHARSET=utf8mb4 COLLATE=utf8mb4_unicode_ci;
/*!40101 SET character_set_client = @saved_cs_client */;

--
-- Dumping data for table `migrations`
--

LOCK TABLES `migrations` WRITE;
/*!40000 ALTER TABLE `migrations` DISABLE KEYS */;
INSERT INTO `migrations` VALUES (5,'2014_10_12_000000_create_users_table',1),(6,'2014_10_12_100000_create_password_reset_tokens_table',1),(7,'2019_08_19_000000_create_failed_jobs_table',1),(8,'2019_12_14_000001_create_personal_access_tokens_table',1),(9,'2023_06_15_165534_create_cargos_table',2),(10,'2023_06_20_140742_create_tipo_pedidos_table',3),(11,'2023_06_20_144916_create_tipo_pagamentos_table',4),(12,'2023_06_20_145425_create_statuses_table',4),(13,'2023_06_20_153633_create_tipo_produtos_table',4),(14,'2023_06_20_154142_create_tamanhos_table',4),(15,'2023_06_20_155028_create_produtos_table',5),(16,'2023_06_22_140224_create_produto_tamanhos_table',6),(17,'2023_06_22_142738_create_clientes_table',6),(18,'2023_06_22_144708_create_enderecos_table',6),(19,'2023_06_22_153838_create_cliente_enderecos_table',6),(20,'2023_06_22_162057_create_pedidos_table',6),(21,'2023_06_22_165543_create_pedido_produtos_table',6);
/*!40000 ALTER TABLE `migrations` ENABLE KEYS */;
UNLOCK TABLES;

--
-- Table structure for table `password_reset_tokens`
--

DROP TABLE IF EXISTS `password_reset_tokens`;
/*!40101 SET @saved_cs_client     = @@character_set_client */;
/*!50503 SET character_set_client = utf8mb4 */;
CREATE TABLE `password_reset_tokens` (
  `email` varchar(191) COLLATE utf8mb4_unicode_ci NOT NULL,
  `token` varchar(191) COLLATE utf8mb4_unicode_ci NOT NULL,
  `created_at` timestamp NULL DEFAULT NULL,
  PRIMARY KEY (`email`)
) ENGINE=MyISAM DEFAULT CHARSET=utf8mb4 COLLATE=utf8mb4_unicode_ci;
/*!40101 SET character_set_client = @saved_cs_client */;

--
-- Dumping data for table `password_reset_tokens`
--

LOCK TABLES `password_reset_tokens` WRITE;
/*!40000 ALTER TABLE `password_reset_tokens` DISABLE KEYS */;
/*!40000 ALTER TABLE `password_reset_tokens` ENABLE KEYS */;
UNLOCK TABLES;

--
-- Table structure for table `pedidos`
--

DROP TABLE IF EXISTS `pedidos`;
/*!40101 SET @saved_cs_client     = @@character_set_client */;
/*!50503 SET character_set_client = utf8mb4 */;
CREATE TABLE `pedidos` (
  `id_pedido` int(10) unsigned NOT NULL AUTO_INCREMENT,
  `id_tipo_pedido` int(11) NOT NULL,
  `id_user` bigint(20) NOT NULL,
  `id_cliente` int(11) NOT NULL,
  `id_cliente_endereco` int(11) NOT NULL,
  `id_status` int(11) NOT NULL,
  `id_tipo_pagamento` int(11) NOT NULL,
  `total` decimal(10,2) DEFAULT '0.00',
  `observacoes` text COLLATE utf8mb4_unicode_ci NOT NULL,
  `created_at` timestamp NULL DEFAULT NULL,
  `updated_at` timestamp NULL DEFAULT NULL,
  `deleted_at` timestamp NULL DEFAULT NULL,
  PRIMARY KEY (`id_pedido`)
) ENGINE=MyISAM AUTO_INCREMENT=51 DEFAULT CHARSET=utf8mb4 COLLATE=utf8mb4_unicode_ci;
/*!40101 SET character_set_client = @saved_cs_client */;

--
-- Dumping data for table `pedidos`
--

LOCK TABLES `pedidos` WRITE;
/*!40000 ALTER TABLE `pedidos` DISABLE KEYS */;
INSERT INTO `pedidos` VALUES (1,1,5,26,1,1,1,471.00,'Illum provident autem qui officiis repellat. Corrupti architecto et suscipit.','2023-06-27 17:40:08','2023-06-27 17:40:08',NULL),(2,1,15,48,38,1,1,1250.00,'Amet nostrum voluptatem praesentium sunt. Ipsam ex aliquam quis necessitatibus consectetur qui. Pariatur inventore eos aut. Non non consectetur dolorem velit laborum repudiandae.','2023-06-27 17:40:08','2023-06-27 17:40:08',NULL),(3,1,12,14,50,1,1,1656.00,'Aut molestiae voluptatem et dicta consequatur omnis qui. Placeat iusto error officia ex laudantium et. Dolorem optio at voluptatem quo sed. Corporis dolorem odit vel aliquam.','2023-06-27 17:40:08','2023-06-27 17:40:08',NULL),(4,1,5,35,33,1,1,1697.00,'Enim corrupti eligendi voluptas tempore quidem eum officia. Porro molestiae ad molestiae voluptatem. Occaecati dicta consequatur voluptatem vel consequatur debitis est.','2023-06-27 17:40:08','2023-06-27 17:40:08',NULL),(5,1,14,27,49,1,1,2471.00,'Officiis rem quia accusantium vero placeat sint. Dolor et consectetur tenetur aperiam non laborum architecto. Laudantium consectetur autem ut ut ab magni enim nobis. Expedita et quaerat quasi.','2023-06-27 17:40:08','2023-06-27 17:40:08',NULL),(6,1,11,22,8,1,1,378.00,'Et consequuntur et quia. Enim ab porro est cumque tempore ut. Odio placeat ut ea architecto natus dolorum.','2023-06-27 17:40:08','2023-06-27 17:40:08',NULL),(7,1,15,4,22,1,1,380.00,'Accusantium omnis consequatur ea fugit et non velit. Qui nemo excepturi aut incidunt. Nam aspernatur totam veritatis facilis repellendus. Beatae voluptatem accusantium ullam reiciendis perspiciatis.','2023-06-27 17:40:08','2023-06-27 17:40:08',NULL),(8,1,15,32,33,1,1,2442.00,'Voluptas sequi voluptates occaecati autem. Non quisquam est in voluptates possimus blanditiis voluptatem. Quibusdam voluptatum sunt laboriosam rem rem eos. Enim itaque enim et. Assumenda voluptas odio numquam.','2023-06-27 17:40:08','2023-06-27 17:40:08',NULL),(9,1,4,37,33,1,1,2325.00,'Pariatur ratione nihil fugiat maiores eius porro sed. Dolor suscipit vitae cum. Non veniam sapiente repudiandae explicabo quos adipisci minus.','2023-06-27 17:40:08','2023-06-27 17:40:08',NULL),(10,1,1,27,28,1,1,2484.00,'Quidem rerum sed illum voluptate. Nisi illo natus voluptatem alias corporis cupiditate.','2023-06-27 17:40:08','2023-06-27 17:40:08',NULL),(11,1,16,20,47,1,1,1451.00,'Nihil voluptas modi earum illum recusandae nihil distinctio laudantium. Omnis praesentium quas voluptates impedit omnis sit repellendus ipsum. Dolor enim nisi in at sed corrupti nihil.','2023-06-27 17:40:08','2023-06-27 17:40:08',NULL),(12,1,13,47,6,1,1,448.00,'Beatae a exercitationem aut aut aliquid. Laudantium eveniet perspiciatis quia laborum dolor qui. Tempora maiores vitae ipsum accusantium omnis vel.','2023-06-27 17:40:08','2023-06-27 17:40:08',NULL),(13,1,4,25,37,1,1,1412.00,'Dolorum nemo voluptas laboriosam totam voluptatum laudantium autem. Molestiae vel ipsam repellendus molestiae magnam voluptatem. Rerum rerum reprehenderit deleniti accusantium.','2023-06-27 17:40:08','2023-06-27 17:40:08',NULL),(14,1,19,4,38,1,1,2818.00,'Praesentium reiciendis quae qui aliquid. Et et veniam dolor quaerat.','2023-06-27 17:40:08','2023-06-27 17:40:08',NULL),(15,1,7,48,13,1,1,3865.00,'Eligendi sit non explicabo et. Blanditiis harum qui aut.','2023-06-27 17:40:08','2023-06-27 17:40:08',NULL),(16,1,16,46,21,1,1,840.00,'Quos qui aperiam et voluptatem qui. Eaque earum nam corporis assumenda. Illum molestias omnis doloribus nesciunt est sed. Velit quae placeat ullam ut.','2023-06-27 17:40:08','2023-06-27 17:40:08',NULL),(17,1,13,41,29,1,1,1511.00,'A consequatur ut eius id iure alias. Beatae adipisci et autem quia qui possimus quis. Ipsa autem aut voluptatem ad fuga aliquid quos. Occaecati ut modi non saepe. Facilis est et omnis cumque consequatur.','2023-06-27 17:40:08','2023-06-27 17:40:08',NULL),(18,1,12,11,24,1,1,2474.00,'Ut eos et unde odio. Ut beatae velit et assumenda. Excepturi molestias est labore non. Incidunt facilis commodi velit cum.','2023-06-27 17:40:08','2023-06-27 17:40:08',NULL),(19,1,15,32,49,1,1,2320.00,'Nam et autem blanditiis perferendis occaecati et ut. Neque ullam ut nostrum ducimus et. Qui laudantium repellat quia temporibus. Qui et reiciendis ipsam quia.','2023-06-27 17:40:08','2023-06-27 17:40:08',NULL),(20,1,1,9,40,1,1,2121.00,'Et et itaque eligendi facere. Sunt hic quibusdam qui possimus libero.','2023-06-27 17:40:08','2023-06-27 17:40:08',NULL),(21,1,6,11,6,1,1,3577.00,'Non commodi porro in. Sapiente quas alias explicabo ea distinctio corporis. Odio sint ex et est eveniet sint.','2023-06-27 17:40:08','2023-06-27 17:40:08',NULL),(22,1,17,14,11,1,1,3191.00,'Tempora dolor voluptates corrupti. Corporis sint dolores reprehenderit assumenda tempora quod et sapiente. Molestiae et accusamus vel autem veniam dolores ipsa eos. Non dolor cupiditate nemo non deserunt voluptates et.','2023-06-27 17:40:08','2023-06-27 17:40:08',NULL),(23,1,20,22,20,1,1,184.00,'Illum molestiae soluta illum qui blanditiis. Asperiores temporibus sed rem voluptas. Libero debitis dolores facere ratione magni nulla eum. Dolorem enim assumenda minus aut distinctio reiciendis pariatur.','2023-06-27 17:40:08','2023-06-27 17:40:08',NULL),(24,1,17,22,36,1,1,3321.00,'Illum officiis ut dignissimos commodi molestiae. Quas velit voluptate non temporibus et quia corporis nemo. Et eveniet perspiciatis commodi libero. Occaecati et illo tempore labore nisi magnam. Aut vel quidem aut.','2023-06-27 17:40:08','2023-06-27 17:40:08',NULL),(25,1,20,3,27,1,1,2115.00,'Molestias deserunt facilis cupiditate nulla sint. Autem consectetur laudantium natus ipsa in pariatur incidunt ut. Quos vel ea quam voluptas dicta molestiae.','2023-06-27 17:40:08','2023-06-27 17:40:08',NULL),(26,1,6,8,9,1,1,1443.00,'Aliquid culpa et magnam unde vero reprehenderit omnis consectetur. Blanditiis quibusdam quos totam officiis.','2023-06-27 17:40:08','2023-06-27 17:40:08',NULL),(27,1,5,3,38,1,1,2978.00,'Consequuntur eaque voluptate libero aut ut. Quisquam omnis culpa consequatur provident. Quaerat debitis suscipit accusamus sed iusto nihil et. Reiciendis molestiae voluptate et.','2023-06-27 17:40:08','2023-06-27 17:40:08',NULL),(28,1,4,13,32,1,1,461.00,'Nihil ut et aut fuga voluptas. Dolore eos incidunt adipisci laudantium iusto. Dolorem ipsa eum reiciendis qui amet iure et aspernatur. Voluptatum molestias ut est consequatur hic reiciendis.','2023-06-27 17:40:08','2023-06-27 17:40:08',NULL),(29,1,6,49,22,1,1,337.00,'Et sint sunt expedita commodi magnam et dolores. Et tenetur esse dolorem aut ipsum sit quam. Quia voluptate rerum voluptatem. Reiciendis est sint praesentium vel itaque omnis.','2023-06-27 17:40:08','2023-06-27 17:40:08',NULL),(30,1,20,31,30,1,1,1753.00,'Atque facere tempora autem. Consequatur officia omnis aut qui omnis dolore porro. Ipsum dolor aut dignissimos atque cum quo. Quibusdam autem delectus velit temporibus.','2023-06-27 17:40:08','2023-06-27 17:40:08',NULL),(31,1,8,9,12,1,1,2235.00,'Et cupiditate mollitia qui libero et. Fugiat voluptatibus necessitatibus et blanditiis ut sequi eaque. Dolorem delectus error ratione.','2023-06-27 17:40:08','2023-06-27 17:40:08',NULL),(32,1,12,12,42,1,1,1578.00,'Quasi qui vel quia cupiditate aliquam earum. Enim at temporibus ea optio. Quibusdam occaecati quo ut. Ullam sapiente harum fuga perspiciatis. Aliquam quia accusamus ducimus quo fuga.','2023-06-27 17:40:08','2023-06-27 17:40:08',NULL),(33,1,9,24,15,1,1,2874.00,'Omnis nulla enim maxime laboriosam iusto eos omnis. Et enim dolorem natus ad. Dolore officiis tempora nisi accusamus inventore.','2023-06-27 17:40:08','2023-06-27 17:40:08',NULL),(34,1,14,32,42,1,1,1881.00,'Repellendus nam optio ea fugiat cum sit. Vero reiciendis et est porro molestias ab. Et et dolor non placeat eos.','2023-06-27 17:40:08','2023-06-27 17:40:08',NULL),(35,1,3,21,13,1,1,3862.00,'Hic id non assumenda nisi sapiente aut possimus. Accusamus nobis placeat laudantium consequuntur. Vel et neque aut vero. Et sunt qui doloremque ducimus. Laudantium id dolore debitis.','2023-06-27 17:40:08','2023-06-27 17:40:08',NULL),(36,1,11,14,33,1,1,1087.00,'Vel consectetur delectus nesciunt pariatur architecto. Magni est iusto voluptatem ipsam deserunt dolorum est. Sequi rerum ea vitae laudantium doloribus animi est ducimus. Ut deleniti aut occaecati quos voluptas ratione.','2023-06-27 17:40:08','2023-06-27 17:40:08',NULL),(37,1,2,10,20,1,1,2300.00,'At eveniet et ut. Itaque excepturi quo incidunt molestias laboriosam incidunt. Aut ad sit fugit.','2023-06-27 17:40:08','2023-06-27 17:40:08',NULL),(38,1,4,14,36,1,1,2501.00,'Modi aspernatur omnis sapiente earum. Voluptates doloribus voluptas suscipit praesentium. Eaque sequi omnis voluptatum aut culpa atque labore. Placeat quibusdam unde nihil quis et.','2023-06-27 17:40:08','2023-06-27 17:40:08',NULL),(39,1,10,4,21,1,1,2000.00,'Sit dolorem velit aut aut laborum. Est dolorum consequatur aspernatur aut nobis. Est est quaerat quos quis dolorum labore animi quae. Cum ab sit quia rerum.','2023-06-27 17:40:08','2023-06-27 17:40:08',NULL),(40,1,5,31,40,1,1,2724.00,'Delectus consequatur et temporibus aut. Ut impedit esse aperiam. Fuga perferendis sit aut et sit voluptates omnis.','2023-06-27 17:40:08','2023-06-27 17:40:08',NULL),(41,1,1,23,9,1,1,485.00,'Dolor sed aut est. Odit soluta qui quis. Omnis vero vel fugiat numquam excepturi aut voluptatibus. Aut delectus enim soluta vel at vel.','2023-06-27 17:40:08','2023-06-27 17:40:08',NULL),(42,1,15,3,22,1,1,318.00,'Expedita minus dolor perspiciatis voluptate ipsum officia nulla eos. Quis fugit mollitia id voluptates. Maxime quaerat adipisci veritatis molestiae itaque quo. Vero quod rem ullam qui. Perferendis voluptas sunt provident nihil enim.','2023-06-27 17:40:08','2023-06-27 17:40:08',NULL),(43,1,3,6,48,1,1,3859.00,'Alias et et debitis. Ipsum aliquid aliquam culpa consequatur. Odit vel quasi ratione nostrum at incidunt dolorum quae.','2023-06-27 17:40:08','2023-06-27 17:40:08',NULL),(44,1,20,29,39,1,1,3977.00,'Eveniet aut consequuntur in commodi sed est. Delectus eum ut ab sint id itaque amet excepturi. Cumque laudantium eos suscipit deserunt asperiores est.','2023-06-27 17:40:08','2023-06-27 17:40:08',NULL),(45,1,1,27,25,1,1,2330.00,'Inventore laboriosam dolorem et est et eius. Tempora qui culpa sit non molestias dolor. Deserunt minima rem aut repudiandae ut impedit.','2023-06-27 17:40:08','2023-06-27 17:40:08',NULL),(46,1,12,19,22,1,1,2978.00,'Commodi temporibus voluptatem animi quae. Saepe reiciendis sit necessitatibus.','2023-06-27 17:40:08','2023-06-27 17:40:08',NULL),(47,1,4,34,6,1,1,2787.00,'Reiciendis et omnis veniam vitae omnis aut quae sapiente. Aspernatur ut aut voluptatem neque. Vitae dolore dolores et qui veritatis rerum.','2023-06-27 17:40:08','2023-06-27 17:40:08',NULL),(48,1,15,11,15,1,1,2993.00,'Voluptates alias fugit ipsam sed aperiam aliquam aut. Facilis ullam repellendus minima aut vitae saepe et. Vitae quos nulla praesentium quia explicabo tempore voluptatum.','2023-06-27 17:40:08','2023-06-27 17:40:08',NULL),(49,1,19,21,3,1,1,54.00,'Soluta qui enim sed ipsa. Ratione modi quos laborum laborum. Doloribus eos vel non tempora enim.','2023-06-27 17:40:08','2023-06-27 17:40:08',NULL),(50,1,1,18,20,1,1,2666.00,'Sint vel consequuntur omnis voluptatem pariatur. Nesciunt magnam voluptatibus pariatur eum. Quos quam adipisci quia eius.','2023-06-27 17:40:08','2023-06-27 17:40:08',NULL);
/*!40000 ALTER TABLE `pedidos` ENABLE KEYS */;
UNLOCK TABLES;

--
-- Table structure for table `pedidos_produtos`
--

DROP TABLE IF EXISTS `pedidos_produtos`;
/*!40101 SET @saved_cs_client     = @@character_set_client */;
/*!50503 SET character_set_client = utf8mb4 */;
CREATE TABLE `pedidos_produtos` (
  `id_pedido_produto` int(10) unsigned NOT NULL AUTO_INCREMENT,
  `id_user` bigint(20) NOT NULL,
  `id_pedido` int(11) NOT NULL,
  `id_produto_tamanho` int(11) NOT NULL,
  `preco` decimal(10,2) DEFAULT NULL,
  `qtd` decimal(10,2) DEFAULT NULL,
  `subtotal` decimal(10,2) DEFAULT NULL,
  `observacoes` text COLLATE utf8mb4_unicode_ci NOT NULL,
  `created_at` timestamp NULL DEFAULT NULL,
  `updated_at` timestamp NULL DEFAULT NULL,
  `deleted_at` timestamp NULL DEFAULT NULL,
  PRIMARY KEY (`id_pedido_produto`)
) ENGINE=MyISAM AUTO_INCREMENT=51 DEFAULT CHARSET=utf8mb4 COLLATE=utf8mb4_unicode_ci;
/*!40101 SET character_set_client = @saved_cs_client */;

--
-- Dumping data for table `pedidos_produtos`
--

LOCK TABLES `pedidos_produtos` WRITE;
/*!40000 ALTER TABLE `pedidos_produtos` DISABLE KEYS */;
INSERT INTO `pedidos_produtos` VALUES (1,14,24,1,151.00,14.00,648.00,'Minus tempora velit repudiandae. Vel corrupti ipsam eos cum porro pariatur expedita. Autem voluptate laborum fugiat veniam ut illum. Veritatis sit voluptatem quia ullam laboriosam et ea.','2023-06-27 17:40:08','2023-06-27 17:40:08',NULL),(2,15,28,1,104.00,6.00,707.00,'Molestiae voluptatem ex enim accusantium et quas itaque. Aut saepe officia impedit. Inventore voluptatem consequatur mollitia aperiam.','2023-06-27 17:40:08','2023-06-27 17:40:08',NULL),(3,17,11,1,189.00,7.00,1571.00,'Sit aut quos minima qui. Ut qui atque quos molestias qui at. Cupiditate enim a error ipsa. Perferendis molestiae dolore veritatis beatae repellendus numquam.','2023-06-27 17:40:08','2023-06-27 17:40:08',NULL),(4,9,49,1,138.00,7.00,1623.00,'Vel illum magnam dolorem voluptate. Nobis ipsum incidunt necessitatibus provident eos ex voluptatem. Cupiditate iste est earum. Dolores qui quis laborum voluptatibus assumenda vitae aperiam. Omnis consequuntur blanditiis dolor mollitia deleniti.','2023-06-27 17:40:08','2023-06-27 17:40:08',NULL),(5,16,19,1,116.00,10.00,193.00,'Nihil amet atque earum minus. Deserunt distinctio ut esse sit eum. Magni occaecati et qui sunt cum reiciendis expedita.','2023-06-27 17:40:08','2023-06-27 17:40:08',NULL),(6,2,47,1,108.00,13.00,75.00,'Nobis quam accusamus perferendis. Labore illum iure dolorem et est. Impedit eveniet quia modi velit nostrum. Assumenda ut accusamus exercitationem asperiores eaque.','2023-06-27 17:40:08','2023-06-27 17:40:08',NULL),(7,6,42,1,178.00,11.00,1466.00,'Consequatur dolorem inventore impedit sunt id sint aperiam. Ratione temporibus deleniti dolorem ut. Id nemo laborum asperiores velit voluptatibus iure. Non magnam sit illum modi.','2023-06-27 17:40:08','2023-06-27 17:40:08',NULL),(8,20,14,1,130.00,10.00,2658.00,'Eos a eum est accusamus soluta. Sed qui et sed beatae maxime. Vero deleniti itaque provident et repudiandae natus dignissimos.','2023-06-27 17:40:08','2023-06-27 17:40:08',NULL),(9,15,43,1,180.00,12.00,1517.00,'Sunt ducimus dignissimos harum consectetur. Quaerat facilis ullam at autem iure.','2023-06-27 17:40:08','2023-06-27 17:40:08',NULL),(10,5,25,1,85.00,14.00,2690.00,'Aut accusantium nesciunt ipsam qui modi. Voluptas aut id neque architecto eveniet qui. Sapiente magnam et asperiores et.','2023-06-27 17:40:08','2023-06-27 17:40:08',NULL),(11,12,47,1,191.00,9.00,2342.00,'Voluptatem consequuntur et et magnam autem dolor sit. Possimus dolorem sint necessitatibus quisquam. Vero quod voluptatem placeat voluptatem sed fuga eaque aut. In ad similique molestias eaque placeat eveniet. Eum inventore perspiciatis rerum consequatur consequatur temporibus.','2023-06-27 17:40:08','2023-06-27 17:40:08',NULL),(12,18,10,1,170.00,7.00,292.00,'Perferendis dignissimos quo eius omnis consectetur ut. Sunt aut voluptatem voluptas voluptatem cupiditate. Reprehenderit rerum dolores aut similique velit architecto quas. In qui quidem consequatur voluptas omnis.','2023-06-27 17:40:08','2023-06-27 17:40:08',NULL),(13,15,40,1,139.00,14.00,909.00,'Voluptatem labore exercitationem odio non distinctio praesentium fuga nesciunt. Eum quo qui vitae voluptas consequatur vel. Unde exercitationem provident cumque laudantium et doloribus. Commodi neque ea incidunt reiciendis. Nesciunt sint fugit pariatur expedita id commodi molestias consequatur.','2023-06-27 17:40:08','2023-06-27 17:40:08',NULL),(14,10,46,1,124.00,13.00,474.00,'Ut quidem perferendis ipsum occaecati. Rem sequi est qui. Placeat aut unde quia nihil. Hic blanditiis saepe sequi consequatur dolores necessitatibus.','2023-06-27 17:40:08','2023-06-27 17:40:08',NULL),(15,17,43,1,195.00,2.00,1270.00,'Totam ut ad sed aspernatur officiis occaecati. Excepturi voluptatum blanditiis magni modi. Aut vel quas veniam quasi et fugit. Amet et quidem quo et.','2023-06-27 17:40:08','2023-06-27 17:40:08',NULL),(16,1,30,1,116.00,9.00,415.00,'Molestiae distinctio odio molestiae totam rerum pariatur nemo. Et quo numquam facere ut ut enim dolores.','2023-06-27 17:40:08','2023-06-27 17:40:08',NULL),(17,6,44,1,110.00,4.00,995.00,'Alias nam facilis odio quo aperiam. Repellat soluta molestias facere eum dolorem. Distinctio et perferendis non. Earum dolores dicta sit sed quae nam.','2023-06-27 17:40:08','2023-06-27 17:40:08',NULL),(18,19,50,1,144.00,11.00,788.00,'Recusandae ducimus autem et sequi quia quod sed. Repellendus beatae qui odit illum velit quia tempore. Dignissimos rerum mollitia vel sed aut et nemo.','2023-06-27 17:40:08','2023-06-27 17:40:08',NULL),(19,11,43,1,152.00,15.00,2641.00,'In repellat aut dicta eveniet impedit occaecati soluta. Hic enim voluptas natus officia ab ad. Necessitatibus tempore corporis ut voluptate delectus.','2023-06-27 17:40:08','2023-06-27 17:40:08',NULL),(20,9,10,1,125.00,13.00,1012.00,'Esse officiis soluta sed tempore. Earum velit non unde et ratione. Maiores assumenda enim aspernatur et vero. Recusandae ab velit et est et assumenda.','2023-06-27 17:40:08','2023-06-27 17:40:08',NULL),(21,12,39,1,56.00,2.00,1767.00,'Doloribus laboriosam itaque quaerat aut. Totam quos consequatur iusto. Mollitia quasi rerum dolores. Nemo consequatur sed vero ad doloremque id harum. Sint beatae et qui sit.','2023-06-27 17:40:08','2023-06-27 17:40:08',NULL),(22,11,28,1,153.00,11.00,2230.00,'Eos et qui enim velit itaque. Doloremque totam culpa rerum. Iste atque et blanditiis debitis similique.','2023-06-27 17:40:08','2023-06-27 17:40:08',NULL),(23,6,49,1,179.00,12.00,407.00,'Cum praesentium voluptas distinctio culpa reiciendis ratione ratione. Aliquid blanditiis a consectetur vel. Laborum non quia possimus fugit numquam occaecati. Perspiciatis sed qui iusto id temporibus non impedit nihil.','2023-06-27 17:40:08','2023-06-27 17:40:08',NULL),(24,11,5,1,105.00,9.00,455.00,'Sed cupiditate reprehenderit aspernatur aut in quis sit reiciendis. Recusandae quo in autem vitae iste sed. Nobis sunt incidunt veniam tempore.','2023-06-27 17:40:08','2023-06-27 17:40:08',NULL),(25,6,25,1,152.00,13.00,451.00,'Aperiam cupiditate consectetur necessitatibus ut. Nobis ut aut est. Deserunt natus consequuntur ullam ipsa necessitatibus.','2023-06-27 17:40:08','2023-06-27 17:40:08',NULL),(26,20,46,1,110.00,10.00,193.00,'Repellat et quasi in rerum dolorem. Eveniet et voluptate officiis rerum voluptatem. Dolorem ipsam quo est et ea.','2023-06-27 17:40:08','2023-06-27 17:40:08',NULL),(27,20,9,1,120.00,9.00,2024.00,'Sapiente voluptatem ad quae sequi autem excepturi quibusdam. Nulla repellendus ex dignissimos quis in. Officiis autem adipisci cum et deserunt doloribus sed sapiente. Esse aut nemo ad culpa voluptates.','2023-06-27 17:40:08','2023-06-27 17:40:08',NULL),(28,6,35,1,110.00,5.00,2699.00,'Quasi labore ullam est iste omnis sed at. Voluptatibus non praesentium nulla harum sint et. Vel et eaque sed nemo non ad. Vitae aut quia quaerat minima.','2023-06-27 17:40:08','2023-06-27 17:40:08',NULL),(29,15,35,1,131.00,15.00,1655.00,'Ea voluptatem qui voluptatem commodi maiores. Qui nam atque commodi. Vel quibusdam nam ad ut et et. Adipisci assumenda aut sed. Necessitatibus ipsum et et ex quis possimus.','2023-06-27 17:40:08','2023-06-27 17:40:08',NULL),(30,4,45,1,137.00,7.00,664.00,'Qui reprehenderit natus id nemo. Ut aut aut at blanditiis sapiente minus.','2023-06-27 17:40:08','2023-06-27 17:40:08',NULL),(31,7,46,1,106.00,2.00,2471.00,'Qui dolorem ducimus sint odio. Ut laudantium qui illo debitis est. Nostrum beatae deleniti autem veniam tempora nostrum id omnis. Tempora ipsum est et porro officia beatae sit doloribus. Est cupiditate quia aut sed ut.','2023-06-27 17:40:08','2023-06-27 17:40:08',NULL),(32,3,48,1,157.00,3.00,548.00,'Eaque ut officiis non quas iusto porro ut quo. Error ea ut incidunt aut. Necessitatibus id quo est ipsum aut ab. Rerum illo impedit placeat.','2023-06-27 17:40:08','2023-06-27 17:40:08',NULL),(33,20,34,1,137.00,13.00,867.00,'Cumque et qui quo. Ab laborum molestiae vitae eos fugiat voluptate officia. Veritatis reprehenderit cumque ut alias quam doloremque.','2023-06-27 17:40:08','2023-06-27 17:40:08',NULL),(34,15,26,1,50.00,12.00,2235.00,'Necessitatibus assumenda perspiciatis reiciendis vel et. Adipisci non voluptates illo corporis nihil quia totam soluta. Dolor sunt libero consectetur libero.','2023-06-27 17:40:08','2023-06-27 17:40:08',NULL),(35,9,19,1,147.00,3.00,614.00,'Est ad qui molestiae incidunt aut quas ea voluptate. Veritatis et quia distinctio animi. Dolorum magni laudantium accusamus nostrum eius.','2023-06-27 17:40:08','2023-06-27 17:40:08',NULL),(36,3,50,1,117.00,7.00,1397.00,'Cupiditate facilis incidunt at iure. Harum repellendus ut est porro iste. Voluptas vel laborum molestiae aut adipisci. Doloribus necessitatibus voluptatem deleniti qui dicta sit.','2023-06-27 17:40:08','2023-06-27 17:40:08',NULL),(37,10,21,1,138.00,10.00,473.00,'Accusantium veniam corrupti veritatis ut in ut. Vitae sequi dolor consequatur quis repellendus quidem consequuntur. Amet facilis autem et culpa nostrum ratione vero et. Error est officia accusantium error itaque similique. Cupiditate voluptas quae est.','2023-06-27 17:40:08','2023-06-27 17:40:08',NULL),(38,7,11,1,129.00,7.00,570.00,'Error est quasi quos. Aut quae consequuntur voluptates fugit ex et. Accusamus itaque modi soluta sapiente non est dolorem. Ad reprehenderit explicabo repellendus aliquam.','2023-06-27 17:40:08','2023-06-27 17:40:08',NULL),(39,7,44,1,88.00,3.00,2553.00,'Aut ut ut aut. Et voluptates ducimus quis voluptatem vero et nulla modi. Qui quis quaerat repellat aut repudiandae quia. In libero officiis ut sed sunt.','2023-06-27 17:40:08','2023-06-27 17:40:08',NULL),(40,3,8,1,69.00,1.00,1279.00,'Enim alias aperiam sunt expedita maiores itaque. Quaerat consequuntur sed iure. Recusandae autem sunt quod consequatur facere odit. Ad eos molestias ipsum tenetur. Rerum animi molestiae facere dicta.','2023-06-27 17:40:08','2023-06-27 17:40:08',NULL),(41,4,26,1,135.00,2.00,731.00,'Laborum perspiciatis voluptatem et labore nesciunt est aperiam. Occaecati molestiae molestiae ipsum aut. Voluptatum et omnis esse non numquam quia.','2023-06-27 17:40:08','2023-06-27 17:40:08',NULL),(42,20,15,1,131.00,5.00,1753.00,'Ex illo vel in corporis nam ipsam. Ex veritatis est doloribus quisquam non et. Numquam atque distinctio consequuntur aut consequatur in.','2023-06-27 17:40:08','2023-06-27 17:40:08',NULL),(43,1,4,1,116.00,13.00,273.00,'Saepe labore cupiditate sunt similique ipsam. Qui et occaecati veritatis reiciendis consectetur distinctio in. Ea omnis porro deleniti facilis. Ut cum quas non voluptas et quia et aut.','2023-06-27 17:40:08','2023-06-27 17:40:08',NULL),(44,10,38,1,73.00,13.00,1921.00,'Enim dolorem praesentium vitae culpa ex voluptates et in. Quam voluptates ea perspiciatis ut. Deserunt et ea occaecati quae dolore.','2023-06-27 17:40:08','2023-06-27 17:40:08',NULL),(45,1,10,1,60.00,7.00,456.00,'Mollitia sapiente nulla sapiente asperiores harum officiis. Veniam consectetur deleniti nobis quibusdam similique in minima non.','2023-06-27 17:40:08','2023-06-27 17:40:08',NULL),(46,6,46,1,88.00,4.00,1711.00,'Alias molestiae non tenetur ut minus aut nihil est. Ducimus qui ut est cumque tempore adipisci rerum.','2023-06-27 17:40:08','2023-06-27 17:40:08',NULL),(47,13,25,1,117.00,13.00,2914.00,'Nisi molestias dolores est voluptas repellendus fugit sequi. Quas et dignissimos earum et reprehenderit deleniti.','2023-06-27 17:40:08','2023-06-27 17:40:08',NULL),(48,20,39,1,184.00,9.00,2567.00,'Aspernatur rerum quis iure quia non. Distinctio voluptates expedita excepturi molestias libero fugit labore. Nostrum id porro quaerat et commodi ut.','2023-06-27 17:40:08','2023-06-27 17:40:08',NULL),(49,3,34,1,136.00,14.00,1101.00,'Aliquam nihil cupiditate dolores cumque ad consectetur dignissimos qui. Laudantium ut nobis illo omnis ipsa optio. Sunt temporibus dignissimos iusto autem. Qui blanditiis ut veniam sed recusandae ut commodi aperiam. Provident sequi rerum in eum.','2023-06-27 17:40:08','2023-06-27 17:40:08',NULL),(50,7,12,1,113.00,5.00,663.00,'Eveniet laborum ducimus dolorem rerum est. Voluptate exercitationem velit explicabo quia iure nihil eligendi cupiditate. Id et sed autem est sit facilis.','2023-06-27 17:40:08','2023-06-27 17:40:08',NULL);
/*!40000 ALTER TABLE `pedidos_produtos` ENABLE KEYS */;
UNLOCK TABLES;

--
-- Table structure for table `personal_access_tokens`
--

DROP TABLE IF EXISTS `personal_access_tokens`;
/*!40101 SET @saved_cs_client     = @@character_set_client */;
/*!50503 SET character_set_client = utf8mb4 */;
CREATE TABLE `personal_access_tokens` (
  `id` bigint(20) unsigned NOT NULL AUTO_INCREMENT,
  `tokenable_type` varchar(191) COLLATE utf8mb4_unicode_ci NOT NULL,
  `tokenable_id` bigint(20) unsigned NOT NULL,
  `name` varchar(191) COLLATE utf8mb4_unicode_ci NOT NULL,
  `token` varchar(64) COLLATE utf8mb4_unicode_ci NOT NULL,
  `abilities` text COLLATE utf8mb4_unicode_ci,
  `last_used_at` timestamp NULL DEFAULT NULL,
  `expires_at` timestamp NULL DEFAULT NULL,
  `created_at` timestamp NULL DEFAULT NULL,
  `updated_at` timestamp NULL DEFAULT NULL,
  PRIMARY KEY (`id`),
  UNIQUE KEY `personal_access_tokens_token_unique` (`token`),
  KEY `personal_access_tokens_tokenable_type_tokenable_id_index` (`tokenable_type`,`tokenable_id`)
) ENGINE=MyISAM DEFAULT CHARSET=utf8mb4 COLLATE=utf8mb4_unicode_ci;
/*!40101 SET character_set_client = @saved_cs_client */;

--
-- Dumping data for table `personal_access_tokens`
--

LOCK TABLES `personal_access_tokens` WRITE;
/*!40000 ALTER TABLE `personal_access_tokens` DISABLE KEYS */;
/*!40000 ALTER TABLE `personal_access_tokens` ENABLE KEYS */;
UNLOCK TABLES;

--
-- Table structure for table `produtos`
--

DROP TABLE IF EXISTS `produtos`;
/*!40101 SET @saved_cs_client     = @@character_set_client */;
/*!50503 SET character_set_client = utf8mb4 */;
CREATE TABLE `produtos` (
  `id_produto` int(10) unsigned NOT NULL AUTO_INCREMENT,
  `id_tipo_produto` int(11) NOT NULL,
  `nome` varchar(191) COLLATE utf8mb4_unicode_ci NOT NULL,
  `descricao` text COLLATE utf8mb4_unicode_ci,
  `foto` varchar(45) COLLATE utf8mb4_unicode_ci DEFAULT NULL,
  `observacoes` text COLLATE utf8mb4_unicode_ci,
  `created_at` timestamp NULL DEFAULT NULL,
  `updated_at` timestamp NULL DEFAULT NULL,
  `deleted_at` timestamp NULL DEFAULT NULL,
  PRIMARY KEY (`id_produto`)
) ENGINE=MyISAM AUTO_INCREMENT=101 DEFAULT CHARSET=utf8mb4 COLLATE=utf8mb4_unicode_ci;
/*!40101 SET character_set_client = @saved_cs_client */;

--
-- Dumping data for table `produtos`
--

LOCK TABLES `produtos` WRITE;
/*!40000 ALTER TABLE `produtos` DISABLE KEYS */;
INSERT INTO `produtos` VALUES (1,1,'Prof. Cleora Schroeder IV','Et quidem nostrum quis ipsa. Et sunt iure laboriosam blanditiis laudantium voluptatum. Facere provident sint porro eos officiis.',NULL,NULL,'2023-06-20 19:47:42','2023-06-20 19:47:42',NULL),(2,1,'Camila Gibson','Est voluptatem debitis nostrum voluptate maxime aut sit voluptate. Labore accusantium magni ut dolore nam. Quia omnis nobis reprehenderit qui reprehenderit tenetur. Ut vel eum architecto ab.',NULL,NULL,'2023-06-20 19:47:42','2023-06-20 19:47:42',NULL),(3,1,'Nicholas Koss','Reiciendis eos at alias voluptas autem aliquam veritatis. Autem enim sed nostrum occaecati.',NULL,NULL,'2023-06-20 19:47:42','2023-06-20 19:47:42',NULL),(4,1,'Cody Mayer Jr.','Reprehenderit eum aut officiis odit. Unde est enim non ratione labore facere. Omnis eos ut fugit consequatur quibusdam quis molestias. Eos odio dolores voluptatem est omnis.',NULL,NULL,'2023-06-20 19:47:42','2023-06-20 19:47:42',NULL),(5,1,'Ms. Graciela Volkman','Consequatur assumenda eaque quod quasi ab. Quisquam modi aut quia ut animi esse dicta. Voluptate doloribus sint vero est eius expedita at eius.',NULL,NULL,'2023-06-20 19:47:42','2023-06-20 19:47:42',NULL),(6,1,'Mariam Runte','Nobis id dolores qui ea magnam qui incidunt. Vel corporis adipisci est aperiam voluptas rerum libero facere. Eum ut id quaerat doloremque dolores.',NULL,NULL,'2023-06-20 19:47:42','2023-06-20 19:47:42',NULL),(7,1,'Sid McClure','Facere est velit in harum ipsum voluptates qui et. A vel qui beatae voluptatem repudiandae. Perferendis distinctio laudantium quod omnis nihil.',NULL,NULL,'2023-06-20 19:47:42','2023-06-20 19:47:42',NULL),(8,1,'Fritz Runolfsdottir','Laborum quia modi rerum. Similique rerum provident ipsam quis nobis facilis dolor. Non soluta ut nobis.',NULL,NULL,'2023-06-20 19:47:42','2023-06-20 19:47:42',NULL),(9,1,'Bonita Satterfield','Magni sit quidem repudiandae. Temporibus sit saepe qui eos natus dignissimos. Dolorem sunt qui nostrum odit in.',NULL,NULL,'2023-06-20 19:47:42','2023-06-20 19:47:42',NULL),(10,1,'Prof. Myah Hoeger','Dolor dicta quia sed soluta qui debitis. Qui animi eveniet saepe totam. Atque voluptas soluta sunt ipsam. Quia eos aliquam corporis expedita.',NULL,NULL,'2023-06-20 19:47:42','2023-06-20 19:47:42',NULL),(11,1,'Albertha Balistreri','In sit unde enim consequuntur. Vero sapiente esse et nostrum totam. Corrupti quam expedita et veniam.',NULL,NULL,'2023-06-20 19:47:42','2023-06-20 19:47:42',NULL),(12,1,'Mr. Dale Kuhlman','Enim sed eos voluptatem exercitationem. Quos doloremque aut quaerat tempore. Molestiae eligendi veniam ipsum placeat rerum blanditiis.',NULL,NULL,'2023-06-20 19:47:42','2023-06-20 19:47:42',NULL),(13,1,'Ophelia Bode','Quisquam voluptas sed qui ad veritatis. Doloremque est earum consequatur sit alias.',NULL,NULL,'2023-06-20 19:47:42','2023-06-20 19:47:42',NULL),(14,1,'Eve Hagenes PhD','Voluptas sed dolor sint iusto totam magnam cumque eos. Sunt eveniet praesentium et perspiciatis. Sunt magni maiores possimus in.',NULL,NULL,'2023-06-20 19:47:42','2023-06-20 19:47:42',NULL),(15,1,'Dr. Justine Stoltenberg','Ad et saepe quia debitis maiores magnam aliquam tempore. Tempore vero molestiae et dolores dolores repellat maiores nobis. Nam ad assumenda voluptatum laboriosam molestiae.',NULL,NULL,'2023-06-20 19:47:42','2023-06-20 19:47:42',NULL),(16,1,'Lucienne Jerde','Sequi in harum qui possimus. Ut vel vel beatae voluptatem vero. Quidem nesciunt magnam aut reprehenderit suscipit.',NULL,NULL,'2023-06-20 19:47:42','2023-06-20 19:47:42',NULL),(17,1,'Mr. Devyn Reinger II','Tempore nisi id consequatur in. Non facilis non pariatur consequuntur. Similique enim vel voluptates fuga.',NULL,NULL,'2023-06-20 19:47:42','2023-06-20 19:47:42',NULL),(18,1,'Prof. Ellie Rice','Perferendis ut aspernatur dolorem in. Consequatur dignissimos nihil dolor aliquid. Provident ea libero architecto corrupti consequuntur praesentium provident sit.',NULL,NULL,'2023-06-20 19:47:42','2023-06-20 19:47:42',NULL),(19,1,'Margarita McGlynn','Ut totam doloribus aut eaque sunt commodi. Consequuntur explicabo unde nihil laudantium aspernatur consequuntur magnam. Quam velit quibusdam autem vitae.',NULL,NULL,'2023-06-20 19:47:42','2023-06-20 19:47:42',NULL),(20,1,'Kayden Prosacco','Sed nemo laborum facilis aut itaque. Fugiat iusto sunt iure praesentium. Ratione assumenda odio doloribus id possimus. Nostrum fugit ut veritatis et. Consequatur ea nam eos aut aut illum architecto.',NULL,NULL,'2023-06-20 19:47:42','2023-06-20 19:47:42',NULL),(21,1,'Ms. Kaycee Jacobson','Aut suscipit recusandae et. Voluptatem dicta et repellat. Nemo repellat enim praesentium repellat libero unde quasi. Sit molestiae omnis voluptatem ipsa.',NULL,NULL,'2023-06-20 19:47:42','2023-06-20 19:47:42',NULL),(22,1,'Darrick O\'Conner','Et illum placeat ut dolore nulla. Iste inventore nostrum culpa. Commodi rerum consequatur et ratione. Quo quo neque ullam magnam temporibus ut.',NULL,NULL,'2023-06-20 19:47:42','2023-06-20 19:47:42',NULL),(23,1,'Thurman Crona Jr.','Harum non qui exercitationem corporis. Dolorem unde dolorem ut ea qui perspiciatis libero voluptatem. Ipsam eum tenetur est nesciunt praesentium est necessitatibus.',NULL,NULL,'2023-06-20 19:47:42','2023-06-20 19:47:42',NULL),(24,1,'Grover Green','Quia sunt quia voluptas ut. Molestias inventore sit aut non. Minima non eos odio quisquam. Sit ea atque rerum praesentium. Ducimus dolor consequatur facilis vel. Quis quasi dicta non voluptatem.',NULL,NULL,'2023-06-20 19:47:42','2023-06-20 19:47:42',NULL),(25,1,'Pamela Streich','Reiciendis aut est sequi ipsa sapiente. Reiciendis ut omnis ullam atque dicta itaque. Ab occaecati officia nam est aut. Molestiae explicabo illo cum minus qui est officiis.',NULL,NULL,'2023-06-20 19:47:42','2023-06-20 19:47:42',NULL),(26,1,'Fidel Mayer','Occaecati eveniet quo quos. Voluptatibus et similique nulla magnam. Corporis est eum impedit fugit quasi.',NULL,NULL,'2023-06-20 19:47:42','2023-06-20 19:47:42',NULL),(27,1,'Devonte Krajcik','Aut consequatur est accusantium aut praesentium. Ab recusandae aliquid quas veniam. Non sed rem et. Doloremque aut voluptatem explicabo consectetur.',NULL,NULL,'2023-06-20 19:47:42','2023-06-20 19:47:42',NULL),(28,1,'Prof. Kathryn Tillman','Veniam dolore voluptas incidunt rerum rerum sunt. Dolore nulla vel aut perspiciatis non et. Alias nesciunt laudantium et nesciunt voluptatem possimus iure.',NULL,NULL,'2023-06-20 19:47:42','2023-06-20 19:47:42',NULL),(29,1,'Maxime Harris','Eveniet voluptatibus quidem aperiam. Mollitia dolorem et quis. Maiores nostrum assumenda harum quod dolorem fuga. Consectetur et iste veritatis commodi.',NULL,NULL,'2023-06-20 19:47:42','2023-06-20 19:47:42',NULL),(30,1,'Julie Hill','Et aliquam enim ea et quasi praesentium. Id itaque quidem cum. Rerum expedita consequatur ipsam in a dolor. Voluptatibus odio recusandae minima.',NULL,NULL,'2023-06-20 19:47:42','2023-06-20 19:47:42',NULL),(31,1,'Herman Cartwright','Quis at quo rerum omnis modi. Nisi consequuntur ut consequatur harum nisi ut asperiores amet. Laudantium omnis culpa perspiciatis ducimus.',NULL,NULL,'2023-06-20 19:47:42','2023-06-20 19:47:42',NULL),(32,1,'Leonard Rohan','Ab occaecati modi eos nulla molestias. Consequatur magni aut molestiae qui. Ducimus quisquam accusantium quia esse.',NULL,NULL,'2023-06-20 19:47:42','2023-06-20 19:47:42',NULL),(33,1,'Mrs. Assunta Schroeder Jr.','Aut aspernatur sequi placeat facilis. Non magnam ut qui dolore repellat aut labore. Similique ex sapiente debitis culpa.',NULL,NULL,'2023-06-20 19:47:42','2023-06-20 19:47:42',NULL),(34,1,'Miss Maya Lang','Ullam cum ab rerum assumenda aliquam nulla. Odit perspiciatis ad corporis recusandae. Ut et qui occaecati sed fugit ea sapiente. Non consequatur ex minus ad enim.',NULL,NULL,'2023-06-20 19:47:42','2023-06-20 19:47:42',NULL),(35,1,'Braeden Kiehn','Ut ut quia voluptates sequi nemo. Odit esse assumenda qui autem fugiat suscipit accusamus. Velit voluptatem et eum ut.',NULL,NULL,'2023-06-20 19:47:42','2023-06-20 19:47:42',NULL),(36,1,'Lisa Kassulke','Velit veniam placeat autem ut eos. Porro voluptatibus eum tenetur. Beatae aut et totam rerum molestias at reiciendis voluptas. Quaerat accusantium sit labore eaque non laboriosam rem assumenda.',NULL,NULL,'2023-06-20 19:47:42','2023-06-20 19:47:42',NULL),(37,1,'Guy Nienow PhD','Id nemo voluptatem tempora est qui sit nisi adipisci. Qui sit porro iste maiores eveniet accusamus. Perspiciatis saepe adipisci est eius tempore qui. Rerum qui iste deserunt ad quia aut sit.',NULL,NULL,'2023-06-20 19:47:42','2023-06-20 19:47:42',NULL),(38,1,'Prof. Dedrick Tromp','Qui molestiae eos voluptas ullam nam earum ut. Voluptatem est aut illum sit qui qui iure.',NULL,NULL,'2023-06-20 19:47:42','2023-06-20 19:47:42',NULL),(39,1,'Prof. Toy Cummings','Dignissimos necessitatibus rerum et eligendi. Maxime quis eum voluptatum quis enim. Doloremque accusantium eius consequatur. Officiis quia ad eum aut quaerat nisi.',NULL,NULL,'2023-06-20 19:47:42','2023-06-20 19:47:42',NULL),(40,1,'Raul Turcotte','Sapiente aperiam asperiores sint ducimus animi autem. Non quaerat voluptatem reprehenderit autem. Esse quae eaque aut eius quisquam dignissimos. Accusamus ullam ullam et consequatur et.',NULL,NULL,'2023-06-20 19:47:42','2023-06-20 19:47:42',NULL),(41,1,'Amari Towne','Ad culpa debitis rem perferendis nihil dolorem. Velit voluptatem et deserunt alias est ut.',NULL,NULL,'2023-06-20 19:47:42','2023-06-20 19:47:42',NULL),(42,1,'Jimmy Connelly I','Sint consequatur ea necessitatibus eligendi vel et ut. Eius laborum et officia provident cum. Dolorum labore eligendi error quos. Tempore dolorum recusandae nemo hic optio fugiat eos nihil.',NULL,NULL,'2023-06-20 19:47:42','2023-06-20 19:47:42',NULL),(43,1,'Prof. Owen Wolf','Dolore ab laboriosam tempora molestiae. Voluptate et eos laboriosam ullam voluptas id qui laborum. Voluptas dolor esse laudantium enim. Provident quo dolorem voluptates.',NULL,NULL,'2023-06-20 19:47:42','2023-06-20 19:47:42',NULL),(44,1,'Brannon Conroy','Ullam odio facilis minima velit dolorum. Iure itaque vitae quia accusamus ea excepturi expedita.',NULL,NULL,'2023-06-20 19:47:42','2023-06-20 19:47:42',NULL),(45,1,'Freda Heidenreich IV','Mollitia qui aut nobis culpa aut culpa. Id natus quis facere quibusdam. Quis voluptatem rem laborum sit fugit.',NULL,NULL,'2023-06-20 19:47:42','2023-06-20 19:47:42',NULL),(46,1,'Myles Crooks','Voluptatem velit earum sint molestias aut recusandae. Consequatur occaecati corporis eius laborum. Harum sed aliquam mollitia et et aut.',NULL,NULL,'2023-06-20 19:47:42','2023-06-20 19:47:42',NULL),(47,1,'Ms. Yasmeen Schuster','Labore velit labore qui esse doloremque. Sit voluptatem culpa quo ratione vel et aut doloremque. Et est omnis error rem tempore alias officiis.',NULL,NULL,'2023-06-20 19:47:42','2023-06-20 19:47:42',NULL),(48,1,'Edythe Rath','Eum ut esse aut corporis nesciunt nam sed. Aut a vitae inventore totam possimus. Autem est architecto vero ipsam aspernatur.',NULL,NULL,'2023-06-20 19:47:42','2023-06-20 19:47:42',NULL),(49,1,'Augustus Dickens','Quibusdam cupiditate illo vel et similique. Inventore aut minima aut quasi rerum et. Delectus nesciunt dolore quaerat enim itaque commodi. Voluptatibus et amet alias est quae id itaque.',NULL,NULL,'2023-06-20 19:47:42','2023-06-20 19:47:42',NULL),(50,1,'Modesta Vandervort','Sunt qui magni quisquam at ducimus deserunt quaerat. Quod tempora fugit iusto et soluta exercitationem qui. Ratione dolorum aut consequuntur dolores.',NULL,NULL,'2023-06-20 19:47:42','2023-06-20 19:47:42',NULL),(51,1,'est','Blanditiis et et pariatur voluptates accusantium est. Omnis saepe sunt et suscipit expedita et. Eaque et et cum velit voluptas iure eum et.',NULL,NULL,'2023-06-20 20:05:06','2023-06-20 20:05:06',NULL),(52,1,'asperiores','Reprehenderit consequatur quisquam quia. Aut beatae dicta dolores facilis dolorem et ea. Corporis voluptas quam impedit cumque ullam. Ut ullam quae minima repudiandae similique qui.',NULL,NULL,'2023-06-20 20:05:06','2023-06-20 20:05:06',NULL),(53,1,'reprehenderit','Ut amet voluptatem modi quis in praesentium quasi. Est dolor voluptatem nobis autem. Aut blanditiis vero iure. Vero occaecati recusandae sint.',NULL,NULL,'2023-06-20 20:05:06','2023-06-20 20:05:06',NULL),(54,1,'autem','Et ea impedit quis doloremque excepturi. Aut non dolor aut voluptatem aliquid consequatur rem.',NULL,NULL,'2023-06-20 20:05:06','2023-06-20 20:05:06',NULL),(55,1,'temporibus','Explicabo fugiat nihil ut. Aut id et corporis. Ex quis suscipit qui eum. Et cum asperiores sed qui saepe laboriosam nisi.',NULL,NULL,'2023-06-20 20:05:06','2023-06-20 20:05:06',NULL),(56,1,'ratione','Eum aperiam natus exercitationem accusantium. Voluptatem odit et beatae est soluta et. Consequatur facere ab corporis ut voluptatem cumque. Repudiandae placeat amet iusto officia corrupti.',NULL,NULL,'2023-06-20 20:05:06','2023-06-20 20:05:06',NULL),(57,1,'dignissimos','Quos aut nostrum mollitia veniam dignissimos. Commodi dolorem ut tenetur accusamus aut nulla at. Recusandae sint reiciendis sint porro. Quis molestiae magnam officia est ut.',NULL,NULL,'2023-06-20 20:05:06','2023-06-20 20:05:06',NULL),(58,1,'et','Veritatis temporibus ex enim laborum. Cumque veniam quia repudiandae est quo. Est voluptatem perspiciatis occaecati. Dolor doloribus modi possimus quae.',NULL,NULL,'2023-06-20 20:05:06','2023-06-20 20:05:06',NULL),(59,1,'qui','Dolore ut et sunt dolorum ratione illum. Et repudiandae nihil et architecto vel quod. Possimus commodi rerum ut alias aut facilis nihil. Deleniti rerum quis tenetur incidunt.',NULL,NULL,'2023-06-20 20:05:06','2023-06-20 20:05:06',NULL),(60,1,'dolor','Numquam reprehenderit sunt illum hic ipsum est aut ut. Animi rem suscipit laborum nihil facilis molestiae excepturi. Ratione facilis eos tempore quia ut aut id illo.',NULL,NULL,'2023-06-20 20:05:06','2023-06-20 20:05:06',NULL),(61,1,'corporis','Sunt asperiores est id optio magnam. Quaerat laboriosam et culpa explicabo et fuga. Aut cumque molestiae voluptatibus aut rerum.',NULL,NULL,'2023-06-20 20:05:06','2023-06-20 20:05:06',NULL),(62,1,'voluptas','Officiis sed dolore consequuntur dolorum numquam sequi. Est ipsum amet fuga quam enim facere ab. Dicta earum aperiam amet et autem ad quo. Quasi pariatur est fugiat tempore nobis soluta dolores.',NULL,NULL,'2023-06-20 20:05:06','2023-06-20 20:05:06',NULL),(63,1,'enim','Dolore autem labore sint est. Laudantium dolor consequatur quia vitae quis.',NULL,NULL,'2023-06-20 20:05:06','2023-06-20 20:05:06',NULL),(64,1,'tempora','Vel numquam dicta est. Accusantium perferendis aut assumenda dolor tempora minima sint. Quos sint ut omnis ea. In assumenda similique magnam saepe. Unde unde est nesciunt omnis aliquam voluptates.',NULL,NULL,'2023-06-20 20:05:06','2023-06-20 20:05:06',NULL),(65,1,'et','Est voluptas qui corrupti necessitatibus blanditiis nam dicta. Aut temporibus at perspiciatis rerum culpa aut cum. Voluptatum similique debitis et et.',NULL,NULL,'2023-06-20 20:05:06','2023-06-20 20:05:06',NULL),(66,1,'officia','In voluptas sapiente et blanditiis et. Aliquam expedita voluptatem nihil aliquam consectetur eos sed minima.',NULL,NULL,'2023-06-20 20:05:06','2023-06-20 20:05:06',NULL),(67,1,'et','At nesciunt expedita sit est nemo totam ducimus. Qui provident nihil et cupiditate quam vitae. Quisquam blanditiis esse accusantium sed.',NULL,NULL,'2023-06-20 20:05:06','2023-06-20 20:05:06',NULL),(68,1,'adipisci','Qui ex eum dolor tempore. Qui aspernatur ex molestiae. Non itaque repudiandae beatae aut impedit qui quia eos.',NULL,NULL,'2023-06-20 20:05:06','2023-06-20 20:05:06',NULL),(69,1,'magni','Ducimus possimus omnis beatae facilis ut veritatis sint voluptatum. Aut eligendi eligendi voluptatibus voluptatibus sunt sed ab velit.',NULL,NULL,'2023-06-20 20:05:06','2023-06-20 20:05:06',NULL),(70,1,'quam','Fuga molestias sapiente molestias repudiandae fugit. Sapiente cum possimus et dolor vel totam laborum. Nesciunt deserunt numquam aliquam quaerat distinctio. Esse harum ut nobis.',NULL,NULL,'2023-06-20 20:05:06','2023-06-20 20:05:06',NULL),(71,1,'laborum','Sint fuga deleniti sed recusandae esse magni. Molestiae accusantium minima doloremque dolor est necessitatibus maiores.',NULL,NULL,'2023-06-20 20:05:06','2023-06-20 20:05:06',NULL),(72,1,'eos','Ad ipsum et fugiat. Voluptatem aspernatur atque rerum asperiores id.',NULL,NULL,'2023-06-20 20:05:06','2023-06-20 20:05:06',NULL),(73,1,'neque','Vel maxime officiis dolores eius. Et quasi dolorum eos maiores. Hic eveniet molestias quis nihil quisquam dolores fugiat. Itaque incidunt culpa est voluptatibus facere.',NULL,NULL,'2023-06-20 20:05:06','2023-06-20 20:05:06',NULL),(74,1,'ad','Quasi culpa aut ut enim ex consequuntur alias iusto. Incidunt expedita quas optio beatae aut. Consequuntur ut expedita consequatur omnis libero.',NULL,NULL,'2023-06-20 20:05:06','2023-06-20 20:05:06',NULL),(75,1,'in','Perferendis praesentium commodi ab ducimus in culpa. Quo consequatur doloribus voluptas quae. Iure nesciunt qui nihil perferendis.',NULL,NULL,'2023-06-20 20:05:06','2023-06-20 20:05:06',NULL),(76,1,'dolores','Explicabo aliquid in accusantium similique. Quo et nihil quia consequatur. Dolorum omnis tempora ut non. Fugiat aut consequuntur fuga ratione.',NULL,NULL,'2023-06-20 20:05:06','2023-06-20 20:05:06',NULL),(77,1,'sint','Deleniti eius ad animi quo. Molestiae pariatur aut nulla nobis. Et dolores quasi earum ducimus.',NULL,NULL,'2023-06-20 20:05:06','2023-06-20 20:05:06',NULL),(78,1,'et','A dicta quae occaecati assumenda numquam et. Non molestiae delectus mollitia perspiciatis. Officiis nihil optio molestiae voluptate qui. Qui qui voluptate modi fuga et quibusdam.',NULL,NULL,'2023-06-20 20:05:06','2023-06-20 20:05:06',NULL),(79,1,'blanditiis','Saepe quia nihil quam facere. Vel magnam odio rerum modi quidem.',NULL,NULL,'2023-06-20 20:05:06','2023-06-20 20:05:06',NULL),(80,1,'commodi','Quis commodi quibusdam et repellat voluptatibus maxime est. Dolores totam commodi iure sint earum eum quasi. Ut praesentium assumenda a qui non amet fugiat eum.',NULL,NULL,'2023-06-20 20:05:06','2023-06-20 20:05:06',NULL),(81,1,'nihil','Eum voluptate aut repellendus est eos ut nemo pariatur. Exercitationem incidunt et magni eum qui. Minima qui et veniam et voluptates. Sunt aut sunt quisquam placeat.',NULL,NULL,'2023-06-20 20:05:06','2023-06-20 20:05:06',NULL),(82,1,'fugit','Soluta provident similique vitae. Voluptas pariatur a non mollitia. Eos qui quas temporibus facilis corporis nam. Quasi repudiandae aut temporibus ea sit sunt rerum.',NULL,NULL,'2023-06-20 20:05:06','2023-06-20 20:05:06',NULL),(83,1,'molestias','Aut fugit et est blanditiis rerum quisquam. Consequatur illo tempora a esse. Nulla ipsum tenetur omnis iste cumque temporibus distinctio.',NULL,NULL,'2023-06-20 20:05:06','2023-06-20 20:05:06',NULL),(84,1,'quas','Quia deleniti doloremque dolores cupiditate commodi qui. Quia et natus libero tenetur. Consequatur officiis qui excepturi sit omnis.',NULL,NULL,'2023-06-20 20:05:06','2023-06-20 20:05:06',NULL),(85,1,'enim','Quis atque delectus neque rerum veritatis nam accusantium. Non magnam ducimus autem assumenda. Deleniti ipsum maxime magni. Eveniet officiis qui velit tempore iste eum labore.',NULL,NULL,'2023-06-20 20:05:06','2023-06-20 20:05:06',NULL),(86,1,'amet','Animi nam porro et vel. Provident repellat est sint ratione est molestias. Aspernatur eius voluptatibus autem quisquam enim labore. Quis sapiente consequatur at dolore.',NULL,NULL,'2023-06-20 20:05:06','2023-06-20 20:05:06',NULL),(87,1,'quis','Sint quisquam necessitatibus eum molestiae. Nostrum saepe officiis ut saepe et enim. Optio et accusantium facere omnis nihil. Aliquam aut est occaecati dolore.',NULL,NULL,'2023-06-20 20:05:06','2023-06-20 20:05:06',NULL),(88,1,'reiciendis','Sed error vitae dolorem ea nostrum. Expedita ea officiis eveniet sed. Vitae in necessitatibus quisquam ducimus a beatae. Non nostrum et reprehenderit non sit sed.',NULL,NULL,'2023-06-20 20:05:06','2023-06-20 20:05:06',NULL),(89,1,'repudiandae','Excepturi deserunt dolorem harum qui assumenda. Reprehenderit sit est libero vero. Quisquam veritatis officia dolorum excepturi.',NULL,NULL,'2023-06-20 20:05:06','2023-06-20 20:05:06',NULL),(90,1,'et','Facilis possimus modi totam. Cupiditate et dolor dignissimos omnis dolorem perspiciatis. Quod architecto deserunt praesentium. Enim libero distinctio tempora saepe.',NULL,NULL,'2023-06-20 20:05:06','2023-06-20 20:05:06',NULL),(91,1,'recusandae','Non similique vel inventore magnam fugit. Voluptate perferendis ut quos quisquam. Suscipit provident illo ipsum laborum et quo quia quam. Facere aut nihil et accusantium excepturi saepe inventore.',NULL,NULL,'2023-06-20 20:05:06','2023-06-20 20:05:06',NULL),(92,1,'at','Quaerat minus adipisci quibusdam at ea. Eligendi temporibus nesciunt accusamus amet. Laboriosam est dolore ut magnam accusantium est. Quis assumenda occaecati fuga.',NULL,NULL,'2023-06-20 20:05:06','2023-06-20 20:05:06',NULL),(93,1,'nulla','Sed eius incidunt aut soluta est. Iusto est rerum voluptatibus. Molestiae rerum voluptatem laborum modi minus. Necessitatibus aperiam sint sit recusandae quam corrupti ad.',NULL,NULL,'2023-06-20 20:05:06','2023-06-20 20:05:06',NULL),(94,1,'dolores','Recusandae dolorem iste deserunt sed ad. Facilis tempora qui quidem voluptatibus. Quia ut voluptatem est. Dignissimos tenetur aut laborum. Iusto omnis facilis cupiditate quas non.',NULL,NULL,'2023-06-20 20:05:06','2023-06-20 20:05:06',NULL),(95,1,'quasi','Id sed commodi nihil sint. Voluptatem doloremque laboriosam modi earum. Maiores natus expedita explicabo voluptatem qui. Ducimus quis similique et omnis reprehenderit repudiandae et.',NULL,NULL,'2023-06-20 20:05:06','2023-06-20 20:05:06',NULL),(96,1,'aut','Et sapiente beatae et sed qui sit. Voluptatem quisquam qui numquam deserunt.',NULL,NULL,'2023-06-20 20:05:06','2023-06-20 20:05:06',NULL),(97,1,'repellat','Odio dolor necessitatibus non. Est quam sit et rerum. Aut fuga quia debitis nemo dolorum.',NULL,NULL,'2023-06-20 20:05:06','2023-06-20 20:05:06',NULL),(98,1,'adipisci','Voluptatum dolorum ipsum facilis illo est. Sed maiores dolore dolores sint fugiat. Autem tempore voluptatem ut impedit sed quae praesentium. Qui aut rerum eos sapiente voluptatem.',NULL,NULL,'2023-06-20 20:05:06','2023-06-20 20:05:06',NULL),(99,1,'fugiat','Ratione et et itaque quasi unde. Aspernatur amet magni facere porro omnis ab perferendis.',NULL,NULL,'2023-06-20 20:05:06','2023-06-20 20:05:06',NULL),(100,1,'eligendi','Fuga maiores nihil voluptas. Error esse itaque neque rem consequatur hic. Voluptatem libero fuga dolorem minus suscipit culpa. Voluptas cupiditate et consequatur et aut.',NULL,NULL,'2023-06-20 20:05:06','2023-06-20 20:05:06',NULL);
/*!40000 ALTER TABLE `produtos` ENABLE KEYS */;
UNLOCK TABLES;

--
-- Table structure for table `produtos_tamanhos`
--

DROP TABLE IF EXISTS `produtos_tamanhos`;
/*!40101 SET @saved_cs_client     = @@character_set_client */;
/*!50503 SET character_set_client = utf8mb4 */;
CREATE TABLE `produtos_tamanhos` (
  `id_produto_tamanho` int(10) unsigned NOT NULL AUTO_INCREMENT,
  `id_produto` int(11) NOT NULL,
  `id_tamanho` int(11) NOT NULL DEFAULT '1',
  `preco` decimal(10,2) NOT NULL DEFAULT '0.00',
  `observacoes` text COLLATE utf8mb4_unicode_ci,
  `created_at` timestamp NULL DEFAULT NULL,
  `updated_at` timestamp NULL DEFAULT NULL,
  `deleted_at` timestamp NULL DEFAULT NULL,
  PRIMARY KEY (`id_produto_tamanho`)
) ENGINE=MyISAM AUTO_INCREMENT=51 DEFAULT CHARSET=utf8mb4 COLLATE=utf8mb4_unicode_ci;
/*!40101 SET character_set_client = @saved_cs_client */;

--
-- Dumping data for table `produtos_tamanhos`
--

LOCK TABLES `produtos_tamanhos` WRITE;
/*!40000 ALTER TABLE `produtos_tamanhos` DISABLE KEYS */;
INSERT INTO `produtos_tamanhos` VALUES (1,23,1,101.00,'Et veniam at maxime velit ad consequatur ducimus. Nulla nesciunt reprehenderit sunt sed repellat nisi quia. Possimus et aliquam illum aliquid qui. Quas rerum tempora facilis laboriosam.','2023-06-27 18:00:03','2023-06-27 18:00:03',NULL),(2,2,1,146.00,'Maiores qui fuga consequuntur veniam rem vel numquam sit. Velit nemo incidunt quaerat quia dignissimos. Animi dolorem nulla et.','2023-06-27 18:00:03','2023-06-27 18:00:03',NULL),(3,8,1,185.00,'Quam quis maiores officia explicabo hic est voluptas qui. Autem iste inventore voluptas vero sit aut dolorum. Et rerum voluptas ea laboriosam qui ratione.','2023-06-27 18:00:03','2023-06-27 18:00:03',NULL),(4,6,1,216.00,'Aspernatur placeat ducimus excepturi dolorum et at. Non voluptatibus consequuntur ea fuga aliquam odio a aut. Quo tempora natus facilis iure et commodi. Odio nemo ut sint id ullam distinctio.','2023-06-27 18:00:03','2023-06-27 18:00:03',NULL),(5,28,1,137.00,'Suscipit sit debitis neque quibusdam. Sed sed aspernatur voluptatem sunt ut id. Neque voluptatum magni non sed sed cupiditate odit. Enim possimus sit amet et.','2023-06-27 18:00:03','2023-06-27 18:00:03',NULL),(6,7,1,399.00,'Voluptatibus sapiente libero earum voluptatibus quis nisi. Ex repudiandae quia est. Iure voluptatibus reprehenderit aut quidem odio incidunt in neque.','2023-06-27 18:00:03','2023-06-27 18:00:03',NULL),(7,38,1,418.00,'Et enim necessitatibus aut accusamus aperiam. Earum quia dolores nobis dolores numquam voluptatem. Hic dolor et pariatur qui veritatis. Est voluptatem doloribus in qui.','2023-06-27 18:00:03','2023-06-27 18:00:03',NULL),(8,14,1,115.00,'Natus perspiciatis voluptatibus et est iusto dolorem. Ut et quia inventore qui. Ut in vel culpa ut eius quis ad.','2023-06-27 18:00:03','2023-06-27 18:00:03',NULL),(9,26,1,260.00,'Rerum hic vitae molestiae. Eum tempore eos similique praesentium soluta veritatis quis. Pariatur porro est molestiae veritatis et sit est.','2023-06-27 18:00:03','2023-06-27 18:00:03',NULL),(10,33,1,386.00,'Iusto cupiditate ut omnis odio rerum. Dolores natus veniam nemo est at dolorem odio. Facere quia incidunt sapiente illo voluptas a est voluptatem. Ea qui nemo et sint sint officia maiores.','2023-06-27 18:00:03','2023-06-27 18:00:03',NULL),(11,49,1,457.00,'Rem doloribus quibusdam accusantium. Rerum et eaque qui culpa dolore earum. Incidunt impedit praesentium dolores. Harum aut cumque optio earum. Accusamus dolor maxime et.','2023-06-27 18:00:03','2023-06-27 18:00:03',NULL),(12,3,1,392.00,'In vel quam enim tempore quidem dolore. Sunt rem libero quo dolorem nam quas deserunt. Ut numquam atque non distinctio. Quia eveniet alias dolores repellat magni.','2023-06-27 18:00:03','2023-06-27 18:00:03',NULL),(13,17,1,275.00,'Et itaque voluptatem ut voluptas aspernatur. Nulla et sunt odit ad. Inventore eos animi non magni illo consequatur enim.','2023-06-27 18:00:03','2023-06-27 18:00:03',NULL),(14,31,1,405.00,'Eius voluptas ex optio et eos sed mollitia ut. Velit consequatur voluptas qui eius et. Provident reprehenderit iste necessitatibus natus eaque esse dolor.','2023-06-27 18:00:03','2023-06-27 18:00:03',NULL),(15,13,1,178.00,'Omnis id ipsam repellat placeat qui molestiae. Quia rerum vero sed nam dolorum. Natus ut quidem beatae quisquam. Est nihil nostrum rerum sunt non et tenetur culpa.','2023-06-27 18:00:03','2023-06-27 18:00:03',NULL),(16,24,1,335.00,'Doloremque non minima in. Voluptates et ut temporibus doloribus aut suscipit quos. Molestiae est corporis ut.','2023-06-27 18:00:03','2023-06-27 18:00:03',NULL),(17,12,1,428.00,'Quaerat dolorem dolorem repudiandae quaerat impedit sed animi voluptas. Voluptatibus odio vel sed et exercitationem dolores dolor. Quibusdam explicabo qui aut aut dolorum.','2023-06-27 18:00:03','2023-06-27 18:00:03',NULL),(18,41,1,186.00,'Ut voluptate accusantium fugit ab. Optio repudiandae quo aut in. Neque aut pariatur et aut sed doloremque. Perferendis voluptatibus totam iusto autem sed animi.','2023-06-27 18:00:03','2023-06-27 18:00:03',NULL),(19,27,1,423.00,'Saepe minima adipisci omnis sapiente. Voluptas quo a laborum doloremque. Doloribus esse nobis autem rem est quasi soluta est. Suscipit blanditiis minus itaque autem.','2023-06-27 18:00:03','2023-06-27 18:00:03',NULL),(20,28,1,104.00,'Est reprehenderit ex quasi repellat quia ab. Aut excepturi ut non quidem facere adipisci recusandae sed. At beatae nihil voluptas.','2023-06-27 18:00:03','2023-06-27 18:00:03',NULL),(21,1,1,352.00,'Velit ex est accusantium temporibus. Et cumque atque et impedit iure. Quae eos dolores quasi qui nemo quae.','2023-06-27 18:00:03','2023-06-27 18:00:03',NULL),(22,39,1,200.00,'Officia aliquam enim veniam ea ullam. Unde eos ipsa alias voluptatem sunt quia est. Eos nam enim voluptatem cumque assumenda reiciendis sapiente.','2023-06-27 18:00:03','2023-06-27 18:00:03',NULL),(23,29,1,109.00,'Sunt accusantium harum quo omnis dolor ea. Quo consectetur alias ut accusamus. Eligendi fugit voluptatum est tempore minima.','2023-06-27 18:00:03','2023-06-27 18:00:03',NULL),(24,40,1,433.00,'Dolorum repellat aspernatur non enim et ipsam. Est et sint omnis illo. Eaque qui corporis minus similique vel explicabo ut aut. Pariatur veritatis et molestiae aut rerum accusantium maiores.','2023-06-27 18:00:03','2023-06-27 18:00:03',NULL),(25,36,1,326.00,'Nihil reprehenderit et molestiae dolores. Et quam ut id dolores velit labore. Unde veritatis fugiat impedit molestiae sapiente est.','2023-06-27 18:00:03','2023-06-27 18:00:03',NULL),(26,17,1,403.00,'Ea assumenda assumenda dicta distinctio. Quaerat perspiciatis non et sit. Modi ullam voluptatem qui deleniti magnam est sed pariatur.','2023-06-27 18:00:03','2023-06-27 18:00:03',NULL),(27,37,1,236.00,'Repellendus similique inventore occaecati accusantium. Inventore ipsa vitae voluptatibus esse doloribus rerum non ea. Voluptatem id dolores veritatis. Maxime corporis architecto illo facere quo ea.','2023-06-27 18:00:03','2023-06-27 18:00:03',NULL),(28,33,1,453.00,'Architecto itaque eaque quis quos porro similique totam consequatur. Omnis iste neque aut fugiat nihil et. Ipsum ad mollitia consequuntur odio ipsum qui. Est facilis soluta sed quia.','2023-06-27 18:00:03','2023-06-27 18:00:03',NULL),(29,50,1,126.00,'Repellendus error consequatur dignissimos ipsam quis vel. Ut et reiciendis et excepturi laudantium. Dolorem est natus omnis. Iusto qui voluptatem dolor aut delectus voluptatem.','2023-06-27 18:00:03','2023-06-27 18:00:03',NULL),(30,20,1,97.00,'Qui exercitationem repudiandae eum et magni. Quaerat cumque quo at qui sequi reprehenderit. Vel quis occaecati adipisci numquam totam. Delectus amet molestiae quisquam alias optio.','2023-06-27 18:00:03','2023-06-27 18:00:03',NULL),(31,45,1,83.00,'Et iste iure possimus eum consequatur rerum veritatis. Molestiae sed enim dolorem recusandae. Dolorum omnis pariatur rerum.','2023-06-27 18:00:03','2023-06-27 18:00:03',NULL),(32,42,1,338.00,'Mollitia ea et atque earum impedit quos. Culpa exercitationem magnam numquam qui dolorum quis ab. Voluptates debitis veniam impedit nemo soluta aut.','2023-06-27 18:00:03','2023-06-27 18:00:03',NULL),(33,1,1,190.00,'Quis vitae rerum iusto illo. Saepe aut atque officia corporis. Quaerat veniam esse nihil voluptas laborum ab.','2023-06-27 18:00:03','2023-06-27 18:00:03',NULL),(34,46,1,29.00,'Quia commodi eum sit dolores eligendi et. Porro nemo vero incidunt maiores. Quaerat error velit illum facere quod.','2023-06-27 18:00:03','2023-06-27 18:00:03',NULL),(35,21,1,417.00,'Atque libero dolores blanditiis ut. Architecto in quia velit occaecati expedita delectus. Voluptas sunt accusamus et pariatur repellendus qui beatae quisquam.','2023-06-27 18:00:03','2023-06-27 18:00:03',NULL),(36,30,1,441.00,'Voluptate rerum sit inventore rerum. Et omnis vel minus eius quas. Consequuntur magni reprehenderit at impedit aperiam.','2023-06-27 18:00:03','2023-06-27 18:00:03',NULL),(37,17,1,400.00,'Dolor saepe quia accusantium magnam temporibus. Non aut maxime deserunt.','2023-06-27 18:00:03','2023-06-27 18:00:03',NULL),(38,13,1,450.00,'Dolorum aut consequatur et est. Sint deleniti ad reprehenderit occaecati et inventore repudiandae. Qui alias laborum perferendis maiores illo recusandae voluptatem.','2023-06-27 18:00:03','2023-06-27 18:00:03',NULL),(39,36,1,483.00,'Modi cumque corporis perspiciatis labore cumque. Velit officia eligendi sit et. Veniam harum iure voluptatem ratione pariatur.','2023-06-27 18:00:03','2023-06-27 18:00:03',NULL),(40,7,1,460.00,'Consectetur cupiditate voluptates quos magni. Eos soluta quia numquam minus molestiae quo. Possimus ab cum ut sint aperiam et qui.','2023-06-27 18:00:03','2023-06-27 18:00:03',NULL),(41,46,1,285.00,'Vitae deserunt eaque accusamus at consectetur tempore. Optio quis ipsam similique. Qui cupiditate iste unde.','2023-06-27 18:00:03','2023-06-27 18:00:03',NULL),(42,35,1,257.00,'Est quibusdam sapiente hic iure odio illum omnis. Iure et enim dignissimos impedit. Sit nihil magni maxime adipisci. Eveniet omnis quod illum aperiam.','2023-06-27 18:00:03','2023-06-27 18:00:03',NULL),(43,47,1,266.00,'Amet temporibus maiores eius ad. In qui reprehenderit exercitationem est. Velit delectus perspiciatis temporibus qui. Neque exercitationem vitae quis qui accusantium nihil.','2023-06-27 18:00:03','2023-06-27 18:00:03',NULL),(44,13,1,298.00,'In qui repellat doloribus saepe voluptas delectus. Temporibus rerum ipsum vel perspiciatis asperiores iure. Distinctio iste natus commodi omnis libero id aut.','2023-06-27 18:00:03','2023-06-27 18:00:03',NULL),(45,19,1,142.00,'Ad impedit aut qui vel aliquam molestias et. Deleniti sequi quo nam suscipit sit architecto saepe.','2023-06-27 18:00:03','2023-06-27 18:00:03',NULL),(46,7,1,349.00,'Est doloremque occaecati similique. Minus delectus provident dolor doloremque enim voluptatibus eligendi. Voluptatem molestiae voluptatem amet quia. Vitae ad tempore esse ut.','2023-06-27 18:00:03','2023-06-27 18:00:03',NULL),(47,36,1,102.00,'Et nobis similique quis in. Nihil quaerat voluptate repudiandae necessitatibus reiciendis voluptatem dicta. Et suscipit assumenda rerum rerum et et doloribus cumque.','2023-06-27 18:00:03','2023-06-27 18:00:03',NULL),(48,25,1,29.00,'Nobis minus quo veritatis dolores eaque facere. Aspernatur fugit ut qui. Distinctio recusandae dolore laudantium ipsam illum odio. Suscipit tempora et laudantium iusto.','2023-06-27 18:00:03','2023-06-27 18:00:03',NULL),(49,47,1,82.00,'Reprehenderit rem voluptatum earum magni qui facere quia velit. Magnam eos officia qui necessitatibus. Fugiat eius qui consequatur quas molestias cumque sunt. Esse quae quasi molestias.','2023-06-27 18:00:03','2023-06-27 18:00:03',NULL),(50,28,1,99.00,'Quod magnam et aspernatur et et vitae veniam. Eum et illo odit sed autem illum nemo velit. Et eligendi sapiente placeat at eos architecto officiis.','2023-06-27 18:00:03','2023-06-27 18:00:03',NULL);
/*!40000 ALTER TABLE `produtos_tamanhos` ENABLE KEYS */;
UNLOCK TABLES;

--
-- Table structure for table `status`
--

DROP TABLE IF EXISTS `status`;
/*!40101 SET @saved_cs_client     = @@character_set_client */;
/*!50503 SET character_set_client = utf8mb4 */;
CREATE TABLE `status` (
  `id_status` int(10) unsigned NOT NULL AUTO_INCREMENT,
  `status` varchar(191) COLLATE utf8mb4_unicode_ci NOT NULL,
  `created_at` timestamp NULL DEFAULT NULL,
  `updated_at` timestamp NULL DEFAULT NULL,
  `deleted_at` timestamp NULL DEFAULT NULL,
  PRIMARY KEY (`id_status`)
) ENGINE=MyISAM DEFAULT CHARSET=utf8mb4 COLLATE=utf8mb4_unicode_ci;
/*!40101 SET character_set_client = @saved_cs_client */;

--
-- Dumping data for table `status`
--

LOCK TABLES `status` WRITE;
/*!40000 ALTER TABLE `status` DISABLE KEYS */;
/*!40000 ALTER TABLE `status` ENABLE KEYS */;
UNLOCK TABLES;

--
-- Table structure for table `tamanhos`
--

DROP TABLE IF EXISTS `tamanhos`;
/*!40101 SET @saved_cs_client     = @@character_set_client */;
/*!50503 SET character_set_client = utf8mb4 */;
CREATE TABLE `tamanhos` (
  `id_tamanho` int(10) unsigned NOT NULL AUTO_INCREMENT,
  `tamanho` varchar(191) COLLATE utf8mb4_unicode_ci NOT NULL,
  `created_at` timestamp NULL DEFAULT NULL,
  `updated_at` timestamp NULL DEFAULT NULL,
  `deleted_at` timestamp NULL DEFAULT NULL,
  PRIMARY KEY (`id_tamanho`)
) ENGINE=MyISAM AUTO_INCREMENT=2 DEFAULT CHARSET=utf8mb4 COLLATE=utf8mb4_unicode_ci;
/*!40101 SET character_set_client = @saved_cs_client */;

--
-- Dumping data for table `tamanhos`
--

LOCK TABLES `tamanhos` WRITE;
/*!40000 ALTER TABLE `tamanhos` DISABLE KEYS */;
INSERT INTO `tamanhos` VALUES (1,'Unico','2023-06-20 19:24:00','2023-06-20 19:24:00',NULL);
/*!40000 ALTER TABLE `tamanhos` ENABLE KEYS */;
UNLOCK TABLES;

--
-- Table structure for table `tipos_pagamentos`
--

DROP TABLE IF EXISTS `tipos_pagamentos`;
/*!40101 SET @saved_cs_client     = @@character_set_client */;
/*!50503 SET character_set_client = utf8mb4 */;
CREATE TABLE `tipos_pagamentos` (
  `id_tipo_pagamento` int(10) unsigned NOT NULL AUTO_INCREMENT,
  `tipo_pagamento` varchar(191) COLLATE utf8mb4_unicode_ci NOT NULL,
  `created_at` timestamp NULL DEFAULT NULL,
  `updated_at` timestamp NULL DEFAULT NULL,
  `deleted_at` timestamp NULL DEFAULT NULL,
  PRIMARY KEY (`id_tipo_pagamento`)
) ENGINE=MyISAM AUTO_INCREMENT=2 DEFAULT CHARSET=utf8mb4 COLLATE=utf8mb4_unicode_ci;
/*!40101 SET character_set_client = @saved_cs_client */;

--
-- Dumping data for table `tipos_pagamentos`
--

LOCK TABLES `tipos_pagamentos` WRITE;
/*!40000 ALTER TABLE `tipos_pagamentos` DISABLE KEYS */;
INSERT INTO `tipos_pagamentos` VALUES (1,'Não definido','2023-06-20 19:24:00','2023-06-20 19:24:00',NULL);
/*!40000 ALTER TABLE `tipos_pagamentos` ENABLE KEYS */;
UNLOCK TABLES;

--
-- Table structure for table `tipos_pedidos`
--

DROP TABLE IF EXISTS `tipos_pedidos`;
/*!40101 SET @saved_cs_client     = @@character_set_client */;
/*!50503 SET character_set_client = utf8mb4 */;
CREATE TABLE `tipos_pedidos` (
  `id_tipo_pedido` int(10) unsigned NOT NULL AUTO_INCREMENT,
  `tipo_pedido` varchar(191) COLLATE utf8mb4_unicode_ci NOT NULL,
  `created_at` timestamp NULL DEFAULT NULL,
  `updated_at` timestamp NULL DEFAULT NULL,
  `deleted_at` timestamp NULL DEFAULT NULL,
  PRIMARY KEY (`id_tipo_pedido`)
) ENGINE=MyISAM AUTO_INCREMENT=2 DEFAULT CHARSET=utf8mb4 COLLATE=utf8mb4_unicode_ci;
/*!40101 SET character_set_client = @saved_cs_client */;

--
-- Dumping data for table `tipos_pedidos`
--

LOCK TABLES `tipos_pedidos` WRITE;
/*!40000 ALTER TABLE `tipos_pedidos` DISABLE KEYS */;
INSERT INTO `tipos_pedidos` VALUES (1,'Não informado','2023-06-20 19:24:00','2023-06-20 19:24:00',NULL);
/*!40000 ALTER TABLE `tipos_pedidos` ENABLE KEYS */;
UNLOCK TABLES;

--
-- Table structure for table `tipos_produtos`
--

DROP TABLE IF EXISTS `tipos_produtos`;
/*!40101 SET @saved_cs_client     = @@character_set_client */;
/*!50503 SET character_set_client = utf8mb4 */;
CREATE TABLE `tipos_produtos` (
  `id_tipo_produto` int(10) unsigned NOT NULL AUTO_INCREMENT,
  `tipo_produto` varchar(191) COLLATE utf8mb4_unicode_ci NOT NULL,
  `created_at` timestamp NULL DEFAULT NULL,
  `updated_at` timestamp NULL DEFAULT NULL,
  `deleted_at` timestamp NULL DEFAULT NULL,
  PRIMARY KEY (`id_tipo_produto`)
) ENGINE=MyISAM AUTO_INCREMENT=2 DEFAULT CHARSET=utf8mb4 COLLATE=utf8mb4_unicode_ci;
/*!40101 SET character_set_client = @saved_cs_client */;

--
-- Dumping data for table `tipos_produtos`
--

LOCK TABLES `tipos_produtos` WRITE;
/*!40000 ALTER TABLE `tipos_produtos` DISABLE KEYS */;
INSERT INTO `tipos_produtos` VALUES (1,'unico','2023-06-20 19:24:00','2023-06-20 19:24:00',NULL);
/*!40000 ALTER TABLE `tipos_produtos` ENABLE KEYS */;
UNLOCK TABLES;

--
-- Table structure for table `users`
--

DROP TABLE IF EXISTS `users`;
/*!40101 SET @saved_cs_client     = @@character_set_client */;
/*!50503 SET character_set_client = utf8mb4 */;
CREATE TABLE `users` (
  `id` bigint(20) unsigned NOT NULL AUTO_INCREMENT,
  `nome` varchar(191) COLLATE utf8mb4_unicode_ci NOT NULL,
  `email` varchar(191) COLLATE utf8mb4_unicode_ci NOT NULL,
  `id_cargo` int(11) NOT NULL DEFAULT '1',
  `email_verified_at` timestamp NULL DEFAULT NULL,
  `password` varchar(191) COLLATE utf8mb4_unicode_ci NOT NULL,
  `remember_token` varchar(100) COLLATE utf8mb4_unicode_ci DEFAULT NULL,
  `created_at` timestamp NULL DEFAULT NULL,
  `updated_at` timestamp NULL DEFAULT NULL,
  `deleted_at` timestamp NULL DEFAULT NULL,
  PRIMARY KEY (`id`),
  UNIQUE KEY `users_email_unique` (`email`)
) ENGINE=MyISAM AUTO_INCREMENT=22 DEFAULT CHARSET=utf8mb4 COLLATE=utf8mb4_unicode_ci;
/*!40101 SET character_set_client = @saved_cs_client */;

--
-- Dumping data for table `users`
--

LOCK TABLES `users` WRITE;
/*!40000 ALTER TABLE `users` DISABLE KEYS */;
INSERT INTO `users` VALUES (1,'Cleitin Perez','cleiton@teste.teste',1,NULL,'$2y$10$.pic7fBasvb8xS5rWTa7QujXtlX7vdCGuXhtAO9wmXtykxStq21Kq','XA1TjJu5kqbo5h8MLi4czTq0DCg00iKGsU6ljwIIbIyEbjQDn7AfhqniI3Zi','2023-06-15 18:55:40','2023-06-15 19:43:26',NULL),(2,'D\'angelo Dietrich','senger.lavina@example.org',1,'2023-06-20 19:47:42','$2y$10$92IXUNpkjO0rOQ5byMi.Ye4oKoEa3Ro9llC/.og/at2.uheWG/igi','OROQVoCUYc','2023-06-20 19:47:42','2023-06-20 19:47:42',NULL),(3,'Dr. Eunice Crist Jr.','hodkiewicz.alysha@example.com',1,'2023-06-20 19:47:42','$2y$10$92IXUNpkjO0rOQ5byMi.Ye4oKoEa3Ro9llC/.og/at2.uheWG/igi','y5WzHQPGWl','2023-06-20 19:47:42','2023-06-20 19:47:42',NULL),(4,'Roselyn Weber DVM','demario.witting@example.org',1,'2023-06-20 19:47:42','$2y$10$92IXUNpkjO0rOQ5byMi.Ye4oKoEa3Ro9llC/.og/at2.uheWG/igi','3ekEWdUc1B','2023-06-20 19:47:42','2023-06-20 19:47:42',NULL),(5,'Dr. Abelardo Champlin II','hammes.joanny@example.net',1,'2023-06-20 19:47:42','$2y$10$92IXUNpkjO0rOQ5byMi.Ye4oKoEa3Ro9llC/.og/at2.uheWG/igi','mKY1gem8ql','2023-06-20 19:47:42','2023-06-20 19:47:42',NULL),(6,'Lazaro Franecki','cristobal.nolan@example.com',1,'2023-06-20 19:47:42','$2y$10$92IXUNpkjO0rOQ5byMi.Ye4oKoEa3Ro9llC/.og/at2.uheWG/igi','KYd4BEJK9O','2023-06-20 19:47:42','2023-06-20 19:47:42',NULL),(7,'Hermina Nicolas','orobel@example.net',1,'2023-06-20 19:47:42','$2y$10$92IXUNpkjO0rOQ5byMi.Ye4oKoEa3Ro9llC/.og/at2.uheWG/igi','JrFinWKBPd','2023-06-20 19:47:42','2023-06-20 19:47:42',NULL),(8,'Dr. Regan Franecki Jr.','aleen64@example.net',1,'2023-06-20 19:47:42','$2y$10$92IXUNpkjO0rOQ5byMi.Ye4oKoEa3Ro9llC/.og/at2.uheWG/igi','gr6qTNWs4T','2023-06-20 19:47:42','2023-06-20 19:47:42',NULL),(9,'Dario O\'Keefe','ktreutel@example.com',1,'2023-06-20 19:47:42','$2y$10$92IXUNpkjO0rOQ5byMi.Ye4oKoEa3Ro9llC/.og/at2.uheWG/igi','VeNsRdqPZM','2023-06-20 19:47:42','2023-06-20 19:47:42',NULL),(10,'Billy Langosh','roob.chance@example.com',1,'2023-06-20 19:47:42','$2y$10$92IXUNpkjO0rOQ5byMi.Ye4oKoEa3Ro9llC/.og/at2.uheWG/igi','8lfNcHsjMc','2023-06-20 19:47:42','2023-06-20 19:47:42',NULL),(11,'Melvina Miller','schuppe.ernesto@example.com',1,'2023-06-20 19:47:42','$2y$10$92IXUNpkjO0rOQ5byMi.Ye4oKoEa3Ro9llC/.og/at2.uheWG/igi','J3ksEzIwxm','2023-06-20 19:47:42','2023-06-20 19:47:42',NULL),(12,'Camryn Tromp','alphonso.mertz@example.org',1,'2023-06-20 20:05:06','$2y$10$92IXUNpkjO0rOQ5byMi.Ye4oKoEa3Ro9llC/.og/at2.uheWG/igi','auGgmVUfNh','2023-06-20 20:05:06','2023-06-20 20:05:06',NULL),(13,'Vernon Runolfsdottir','hane.milton@example.com',1,'2023-06-20 20:05:06','$2y$10$92IXUNpkjO0rOQ5byMi.Ye4oKoEa3Ro9llC/.og/at2.uheWG/igi','jtTnrd0w1Z','2023-06-20 20:05:06','2023-06-20 20:05:06',NULL),(14,'Mozell Grant Sr.','xkerluke@example.org',1,'2023-06-20 20:05:06','$2y$10$92IXUNpkjO0rOQ5byMi.Ye4oKoEa3Ro9llC/.og/at2.uheWG/igi','ETxszDxjg9','2023-06-20 20:05:06','2023-06-20 20:05:06',NULL),(15,'Dr. Mireille Roberts','kabernathy@example.net',1,'2023-06-20 20:05:06','$2y$10$92IXUNpkjO0rOQ5byMi.Ye4oKoEa3Ro9llC/.og/at2.uheWG/igi','QIgGl3oO99','2023-06-20 20:05:06','2023-06-20 20:05:06',NULL),(16,'Willy Graham','pete.schumm@example.net',1,'2023-06-20 20:05:06','$2y$10$92IXUNpkjO0rOQ5byMi.Ye4oKoEa3Ro9llC/.og/at2.uheWG/igi','pE6RojJ4Y4','2023-06-20 20:05:06','2023-06-20 20:05:06',NULL),(17,'Mrs. Estella Muller','stanton.jennifer@example.com',1,'2023-06-20 20:05:06','$2y$10$92IXUNpkjO0rOQ5byMi.Ye4oKoEa3Ro9llC/.og/at2.uheWG/igi','lb80VWIN11','2023-06-20 20:05:06','2023-06-20 20:05:06',NULL),(18,'Liliane Gulgowski','laurence.streich@example.com',1,'2023-06-20 20:05:06','$2y$10$92IXUNpkjO0rOQ5byMi.Ye4oKoEa3Ro9llC/.og/at2.uheWG/igi','0r0FquzVnc','2023-06-20 20:05:06','2023-06-20 20:05:06',NULL),(19,'Edwin Gorczany','fhill@example.org',1,'2023-06-20 20:05:06','$2y$10$92IXUNpkjO0rOQ5byMi.Ye4oKoEa3Ro9llC/.og/at2.uheWG/igi','zV594xvl25','2023-06-20 20:05:06','2023-06-20 20:05:06',NULL),(20,'Lexus Wyman','owilkinson@example.net',1,'2023-06-20 20:05:06','$2y$10$92IXUNpkjO0rOQ5byMi.Ye4oKoEa3Ro9llC/.og/at2.uheWG/igi','xjuEhJzZZM','2023-06-20 20:05:06','2023-06-20 20:05:06',NULL),(21,'Miss Era Doyle','delfina80@example.net',1,'2023-06-20 20:05:06','$2y$10$92IXUNpkjO0rOQ5byMi.Ye4oKoEa3Ro9llC/.og/at2.uheWG/igi','v15qWiqvP1','2023-06-20 20:05:06','2023-06-20 20:05:06',NULL);
/*!40000 ALTER TABLE `users` ENABLE KEYS */;
UNLOCK TABLES;
/*!40103 SET TIME_ZONE=@OLD_TIME_ZONE */;

/*!40101 SET SQL_MODE=@OLD_SQL_MODE */;
/*!40014 SET FOREIGN_KEY_CHECKS=@OLD_FOREIGN_KEY_CHECKS */;
/*!40014 SET UNIQUE_CHECKS=@OLD_UNIQUE_CHECKS */;
/*!40101 SET CHARACTER_SET_CLIENT=@OLD_CHARACTER_SET_CLIENT */;
/*!40101 SET CHARACTER_SET_RESULTS=@OLD_CHARACTER_SET_RESULTS */;
/*!40101 SET COLLATION_CONNECTION=@OLD_COLLATION_CONNECTION */;
/*!40111 SET SQL_NOTES=@OLD_SQL_NOTES */;

-- Dump completed on 2023-06-28 13:23:53
